no_id,office_id,member_id,managed_entity_id,electric_date,electric_usage
1,OFF001,user001,ME001,2023-06-01,1.19
2,OFF001,user002,ME001,2023-06-01,1.24
3,OFF001,user003,ME001,2023-06-01,1.44
4,OFF001,user004,ME001,2023-06-01,1.11
5,OFF001,user005,ME001,2023-06-01,1.19
6,OFF001,user006,ME001,2023-06-01,1.21
7,OFF001,user007,ME001,2023-06-01,1.56
8,OFF001,user008,ME001,2023-06-01,1.22
9,OFF001,user009,ME001,2023-06-01,1.1
10,OFF001,user010,ME001,2023-06-01,1.33
11,OFF001,user001,ME001,2023-06-01,1.24
12,OFF001,user002,ME001,2023-06-01,1.33
13,OFF001,user003,ME001,2023-06-01,1.4
14,OFF001,user004,ME001,2023-06-01,1.32
15,OFF001,user005,ME001,2023-06-01,1.09
16,OFF001,user006,ME001,2023-06-01,1.58
17,OFF001,user007,ME001,2023-06-01,1.69
18,OFF001,user008,ME001,2023-06-01,1.59
19,OFF001,user009,ME001,2023-06-01,1.59
20,OFF001,user010,ME001,2023-06-01,1.41
21,OFF001,user001,ME001,2023-06-01,1.87
22,OFF001,user002,ME001,2023-06-01,1.51
23,OFF001,user003,ME001,2023-06-01,1.45
24,OFF001,user004,ME001,2023-06-01,1.63
25,OFF001,user005,ME001,2023-06-01,1.95
26,OFF001,user006,ME001,2023-06-01,1.64
27,OFF001,user007,ME001,2023-06-01,1.52
28,OFF001,user008,ME001,2023-06-01,1.58
29,OFF001,user009,ME001,2023-06-01,1.78
30,OFF001,user010,ME001,2023-06-01,1.52
31,OFF001,user001,ME001,2023-06-01,1.72
32,OFF001,user002,ME001,2023-06-01,1.36
33,OFF001,user003,ME001,2023-06-01,1.48
34,OFF001,user004,ME001,2023-06-01,1.56
35,OFF001,user005,ME001,2023-06-01,1.5
36,OFF001,user006,ME001,2023-06-01,1.48
37,OFF001,user007,ME001,2023-06-01,1.51
38,OFF001,user008,ME001,2023-06-01,1.95
39,OFF001,user009,ME001,2023-06-01,1.41
40,OFF001,user010,ME001,2023-06-01,1.52
41,OFF001,user001,ME001,2023-06-02,1.17
42,OFF001,user002,ME001,2023-06-02,1.26
43,OFF001,user003,ME001,2023-06-02,1.06
44,OFF001,user004,ME001,2023-06-02,1.21
45,OFF001,user005,ME001,2023-06-02,1.54
46,OFF001,user006,ME001,2023-06-02,1.16
47,OFF001,user007,ME001,2023-06-02,1.29
48,OFF001,user008,ME001,2023-06-02,1.09
49,OFF001,user009,ME001,2023-06-02,1.53
50,OFF001,user010,ME001,2023-06-02,1.31
51,OFF001,user001,ME001,2023-06-02,1.6
52,OFF001,user002,ME001,2023-06-02,1.34
53,OFF001,user003,ME001,2023-06-02,1.47
54,OFF001,user004,ME001,2023-06-02,1.29
55,OFF001,user005,ME001,2023-06-02,1.23
56,OFF001,user006,ME001,2023-06-02,1.47
57,OFF001,user007,ME001,2023-06-02,1.42
58,OFF001,user008,ME001,2023-06-02,1.41
59,OFF001,user009,ME001,2023-06-02,1.62
60,OFF001,user010,ME001,2023-06-02,1.65
61,OFF001,user001,ME001,2023-06-02,1.63
62,OFF001,user002,ME001,2023-06-02,1.29
63,OFF001,user003,ME001,2023-06-02,1.62
64,OFF001,user004,ME001,2023-06-02,1.76
65,OFF001,user005,ME001,2023-06-02,1.67
66,OFF001,user006,ME001,2023-06-02,1.94
67,OFF001,user007,ME001,2023-06-02,1.39
68,OFF001,user008,ME001,2023-06-02,1.52
69,OFF001,user009,ME001,2023-06-02,1.79
70,OFF001,user010,ME001,2023-06-02,1.66
71,OFF001,user001,ME001,2023-06-02,1.73
72,OFF001,user002,ME001,2023-06-02,1.37
73,OFF001,user003,ME001,2023-06-02,1.49
74,OFF001,user004,ME001,2023-06-02,1.39
75,OFF001,user005,ME001,2023-06-02,1.8
76,OFF001,user006,ME001,2023-06-02,1.7
77,OFF001,user007,ME001,2023-06-02,1.76
78,OFF001,user008,ME001,2023-06-02,1.52
79,OFF001,user009,ME001,2023-06-02,1.57
80,OFF001,user010,ME001,2023-06-02,1.61
81,OFF001,user001,ME001,2023-06-03,1.73
82,OFF001,user002,ME001,2023-06-03,1.37
83,OFF001,user003,ME001,2023-06-03,1.41
84,OFF001,user004,ME001,2023-06-03,1.3
85,OFF001,user005,ME001,2023-06-03,1.5
86,OFF001,user006,ME001,2023-06-03,1.44
87,OFF001,user007,ME001,2023-06-03,1.5
88,OFF001,user008,ME001,2023-06-03,1.59
89,OFF001,user009,ME001,2023-06-03,1.62
90,OFF001,user010,ME001,2023-06-03,1.3
91,OFF001,user001,ME001,2023-06-03,1.73
92,OFF001,user002,ME001,2023-06-03,1.37
93,OFF001,user003,ME001,2023-06-03,1.44
94,OFF001,user004,ME001,2023-06-03,1.59
95,OFF001,user005,ME001,2023-06-03,1.41
96,OFF001,user006,ME001,2023-06-03,1.7
97,OFF001,user007,ME001,2023-06-03,1.39
98,OFF001,user008,ME001,2023-06-03,1.17
99,OFF001,user009,ME001,2023-06-03,1.4
100,OFF001,user010,ME001,2023-06-03,1.65
101,OFF001,user001,ME001,2023-06-03,1.96
102,OFF001,user002,ME001,2023-06-03,1.5
103,OFF001,user003,ME001,2023-06-03,1.44
104,OFF001,user004,ME001,2023-06-03,2
105,OFF001,user005,ME001,2023-06-03,1.68
106,OFF001,user006,ME001,2023-06-03,1.94
107,OFF001,user007,ME001,2023-06-03,1.75
108,OFF001,user008,ME001,2023-06-03,1.62
109,OFF001,user009,ME001,2023-06-03,1.51
110,OFF001,user010,ME001,2023-06-03,1.78
111,OFF001,user001,ME001,2023-06-03,1.86
112,OFF001,user002,ME001,2023-06-03,1.65
113,OFF001,user003,ME001,2023-06-03,1.44
114,OFF001,user004,ME001,2023-06-03,1.88
115,OFF001,user005,ME001,2023-06-03,1.65
116,OFF001,user006,ME001,2023-06-03,1.8
117,OFF001,user007,ME001,2023-06-03,1.86
118,OFF001,user008,ME001,2023-06-03,1.39
119,OFF001,user009,ME001,2023-06-03,1.42
120,OFF001,user010,ME001,2023-06-03,1.46
121,OFF001,user001,ME001,2023-06-04,1.32
122,OFF001,user002,ME001,2023-06-04,1.38
123,OFF001,user003,ME001,2023-06-04,1
124,OFF001,user004,ME001,2023-06-04,1.03
125,OFF001,user005,ME001,2023-06-04,1.29
126,OFF001,user006,ME001,2023-06-04,1.28
127,OFF001,user007,ME001,2023-06-04,1.4
128,OFF001,user008,ME001,2023-06-04,1.61
129,OFF001,user009,ME001,2023-06-04,1.31
130,OFF001,user010,ME001,2023-06-04,1.14
131,OFF001,user001,ME001,2023-06-04,1.43
132,OFF001,user002,ME001,2023-06-04,1.52
133,OFF001,user003,ME001,2023-06-04,1.31
134,OFF001,user004,ME001,2023-06-04,1.47
135,OFF001,user005,ME001,2023-06-04,1.4
136,OFF001,user006,ME001,2023-06-04,1.37
137,OFF001,user007,ME001,2023-06-04,1.42
138,OFF001,user008,ME001,2023-06-04,1.48
139,OFF001,user009,ME001,2023-06-04,1.49
140,OFF001,user010,ME001,2023-06-04,1.29
141,OFF001,user001,ME001,2023-06-04,1.67
142,OFF001,user002,ME001,2023-06-04,1.48
143,OFF001,user003,ME001,2023-06-04,1.69
144,OFF001,user004,ME001,2023-06-04,1.54
145,OFF001,user005,ME001,2023-06-04,1.83
146,OFF001,user006,ME001,2023-06-04,1.65
147,OFF001,user007,ME001,2023-06-04,1.9
148,OFF001,user008,ME001,2023-06-04,1.51
149,OFF001,user009,ME001,2023-06-04,1.83
150,OFF001,user010,ME001,2023-06-04,1.73
151,OFF001,user001,ME001,2023-06-04,1.66
152,OFF001,user002,ME001,2023-06-04,1
153,OFF001,user003,ME001,2023-06-04,1.55
154,OFF001,user004,ME001,2023-06-04,1.57
155,OFF001,user005,ME001,2023-06-04,1.74
156,OFF001,user006,ME001,2023-06-04,1.77
157,OFF001,user007,ME001,2023-06-04,1.96
158,OFF001,user008,ME001,2023-06-04,1.67
159,OFF001,user009,ME001,2023-06-04,1.7
160,OFF001,user010,ME001,2023-06-04,1.56
161,OFF001,user001,ME001,2023-06-05,1.14
162,OFF001,user002,ME001,2023-06-05,1.37
163,OFF001,user003,ME001,2023-06-05,1.32
164,OFF001,user004,ME001,2023-06-05,1
165,OFF001,user005,ME001,2023-06-05,1.16
166,OFF001,user006,ME001,2023-06-05,1.21
167,OFF001,user007,ME001,2023-06-05,1.45
168,OFF001,user008,ME001,2023-06-05,1.23
169,OFF001,user009,ME001,2023-06-05,1.38
170,OFF001,user010,ME001,2023-06-05,1.48
171,OFF001,user001,ME001,2023-06-05,1.71
172,OFF001,user002,ME001,2023-06-05,1.38
173,OFF001,user003,ME001,2023-06-05,1.58
174,OFF001,user004,ME001,2023-06-05,1.32
175,OFF001,user005,ME001,2023-06-05,1.62
176,OFF001,user006,ME001,2023-06-05,1.1
177,OFF001,user007,ME001,2023-06-05,1.6
178,OFF001,user008,ME001,2023-06-05,1.41
179,OFF001,user009,ME001,2023-06-05,1.56
180,OFF001,user010,ME001,2023-06-05,1.65
181,OFF001,user001,ME001,2023-06-05,1.91
182,OFF001,user002,ME001,2023-06-05,1.17
183,OFF001,user003,ME001,2023-06-05,1.53
184,OFF001,user004,ME001,2023-06-05,1.71
185,OFF001,user005,ME001,2023-06-05,1.84
186,OFF001,user006,ME001,2023-06-05,1.68
187,OFF001,user007,ME001,2023-06-05,1.9
188,OFF001,user008,ME001,2023-06-05,2
189,OFF001,user009,ME001,2023-06-05,1.65
190,OFF001,user010,ME001,2023-06-05,1.77
191,OFF001,user001,ME001,2023-06-05,1.88
192,OFF001,user002,ME001,2023-06-05,1.53
193,OFF001,user003,ME001,2023-06-05,1.83
194,OFF001,user004,ME001,2023-06-05,1.69
195,OFF001,user005,ME001,2023-06-05,1.76
196,OFF001,user006,ME001,2023-06-05,1.54
197,OFF001,user007,ME001,2023-06-05,1.72
198,OFF001,user008,ME001,2023-06-05,2
199,OFF001,user009,ME001,2023-06-05,1.62
200,OFF001,user010,ME001,2023-06-05,1.91
201,OFF001,user001,ME001,2023-06-06,1.57
202,OFF001,user002,ME001,2023-06-06,1.47
203,OFF001,user003,ME001,2023-06-06,1
204,OFF001,user004,ME001,2023-06-06,1.33
205,OFF001,user005,ME001,2023-06-06,1.13
206,OFF001,user006,ME001,2023-06-06,1.09
207,OFF001,user007,ME001,2023-06-06,1.56
208,OFF001,user008,ME001,2023-06-06,1.15
209,OFF001,user009,ME001,2023-06-06,1.31
210,OFF001,user010,ME001,2023-06-06,1.33
211,OFF001,user001,ME001,2023-06-06,1.57
212,OFF001,user002,ME001,2023-06-06,1.4
213,OFF001,user003,ME001,2023-06-06,1.4
214,OFF001,user004,ME001,2023-06-06,1.44
215,OFF001,user005,ME001,2023-06-06,1.32
216,OFF001,user006,ME001,2023-06-06,1.51
217,OFF001,user007,ME001,2023-06-06,1.51
218,OFF001,user008,ME001,2023-06-06,1.39
219,OFF001,user009,ME001,2023-06-06,1.59
220,OFF001,user010,ME001,2023-06-06,1.4
221,OFF001,user001,ME001,2023-06-06,1.82
222,OFF001,user002,ME001,2023-06-06,1.57
223,OFF001,user003,ME001,2023-06-06,1.83
224,OFF001,user004,ME001,2023-06-06,1.89
225,OFF001,user005,ME001,2023-06-06,1.7
226,OFF001,user006,ME001,2023-06-06,1.89
227,OFF001,user007,ME001,2023-06-06,1.49
228,OFF001,user008,ME001,2023-06-06,1.7
229,OFF001,user009,ME001,2023-06-06,1.67
230,OFF001,user010,ME001,2023-06-06,2
231,OFF001,user001,ME001,2023-06-06,1.5
232,OFF001,user002,ME001,2023-06-06,1.42
233,OFF001,user003,ME001,2023-06-06,1.84
234,OFF001,user004,ME001,2023-06-06,1.74
235,OFF001,user005,ME001,2023-06-06,1.65
236,OFF001,user006,ME001,2023-06-06,1.69
237,OFF001,user007,ME001,2023-06-06,1.55
238,OFF001,user008,ME001,2023-06-06,1.66
239,OFF001,user009,ME001,2023-06-06,1.7
240,OFF001,user010,ME001,2023-06-06,1.76
241,OFF001,user001,ME001,2023-06-07,1.35
242,OFF001,user002,ME001,2023-06-07,1.36
243,OFF001,user003,ME001,2023-06-07,1.11
244,OFF001,user004,ME001,2023-06-07,1.41
245,OFF001,user005,ME001,2023-06-07,1.79
246,OFF001,user006,ME001,2023-06-07,1
247,OFF001,user007,ME001,2023-06-07,1.48
248,OFF001,user008,ME001,2023-06-07,1.48
249,OFF001,user009,ME001,2023-06-07,1.18
250,OFF001,user010,ME001,2023-06-07,1.23
251,OFF001,user001,ME001,2023-06-07,1.45
252,OFF001,user002,ME001,2023-06-07,1.43
253,OFF001,user003,ME001,2023-06-07,1.49
254,OFF001,user004,ME001,2023-06-07,1.35
255,OFF001,user005,ME001,2023-06-07,1.37
256,OFF001,user006,ME001,2023-06-07,1.44
257,OFF001,user007,ME001,2023-06-07,1.44
258,OFF001,user008,ME001,2023-06-07,1.67
259,OFF001,user009,ME001,2023-06-07,1.29
260,OFF001,user010,ME001,2023-06-07,1.42
261,OFF001,user001,ME001,2023-06-07,1.57
262,OFF001,user002,ME001,2023-06-07,1.14
263,OFF001,user003,ME001,2023-06-07,1.55
264,OFF001,user004,ME001,2023-06-07,1.7
265,OFF001,user005,ME001,2023-06-07,1.87
266,OFF001,user006,ME001,2023-06-07,1.49
267,OFF001,user007,ME001,2023-06-07,1.8
268,OFF001,user008,ME001,2023-06-07,1.38
269,OFF001,user009,ME001,2023-06-07,1.75
270,OFF001,user010,ME001,2023-06-07,1.65
271,OFF001,user001,ME001,2023-06-07,1.56
272,OFF001,user002,ME001,2023-06-07,1.48
273,OFF001,user003,ME001,2023-06-07,2
274,OFF001,user004,ME001,2023-06-07,1.51
275,OFF001,user005,ME001,2023-06-07,1.82
276,OFF001,user006,ME001,2023-06-07,1.8
277,OFF001,user007,ME001,2023-06-07,1.57
278,OFF001,user008,ME001,2023-06-07,1.77
279,OFF001,user009,ME001,2023-06-07,1.95
280,OFF001,user010,ME001,2023-06-07,1.63
281,OFF001,user001,ME001,2023-06-08,1.04
282,OFF001,user002,ME001,2023-06-08,1.15
283,OFF001,user003,ME001,2023-06-08,1.67
284,OFF001,user004,ME001,2023-06-08,1.28
285,OFF001,user005,ME001,2023-06-08,1.22
286,OFF001,user006,ME001,2023-06-08,1.16
287,OFF001,user007,ME001,2023-06-08,1.48
288,OFF001,user008,ME001,2023-06-08,1.33
289,OFF001,user009,ME001,2023-06-08,1.68
290,OFF001,user010,ME001,2023-06-08,1.3
291,OFF001,user001,ME001,2023-06-08,1.36
292,OFF001,user002,ME001,2023-06-08,1.19
293,OFF001,user003,ME001,2023-06-08,1.62
294,OFF001,user004,ME001,2023-06-08,1.53
295,OFF001,user005,ME001,2023-06-08,1.63
296,OFF001,user006,ME001,2023-06-08,1.43
297,OFF001,user007,ME001,2023-06-08,1.39
298,OFF001,user008,ME001,2023-06-08,1.4
299,OFF001,user009,ME001,2023-06-08,1.26
300,OFF001,user010,ME001,2023-06-08,1
301,OFF001,user001,ME001,2023-06-08,1.43
302,OFF001,user002,ME001,2023-06-08,1.34
303,OFF001,user003,ME001,2023-06-08,1.9
304,OFF001,user004,ME001,2023-06-08,1.84
305,OFF001,user005,ME001,2023-06-08,1.68
306,OFF001,user006,ME001,2023-06-08,1.61
307,OFF001,user007,ME001,2023-06-08,1.56
308,OFF001,user008,ME001,2023-06-08,1.91
309,OFF001,user009,ME001,2023-06-08,2
310,OFF001,user010,ME001,2023-06-08,1.65
311,OFF001,user001,ME001,2023-06-08,1.76
312,OFF001,user002,ME001,2023-06-08,1.55
313,OFF001,user003,ME001,2023-06-08,1.31
314,OFF001,user004,ME001,2023-06-08,1.45
315,OFF001,user005,ME001,2023-06-08,1.37
316,OFF001,user006,ME001,2023-06-08,1.46
317,OFF001,user007,ME001,2023-06-08,1.5
318,OFF001,user008,ME001,2023-06-08,1.75
319,OFF001,user009,ME001,2023-06-08,1.39
320,OFF001,user010,ME001,2023-06-08,1.69
321,OFF001,user001,ME001,2023-06-09,1.29
322,OFF001,user002,ME001,2023-06-09,1.53
323,OFF001,user003,ME001,2023-06-09,1.59
324,OFF001,user004,ME001,2023-06-09,1.46
325,OFF001,user005,ME001,2023-06-09,1.22
326,OFF001,user006,ME001,2023-06-09,1.35
327,OFF001,user007,ME001,2023-06-09,1.51
328,OFF001,user008,ME001,2023-06-09,1.35
329,OFF001,user009,ME001,2023-06-09,1.4
330,OFF001,user010,ME001,2023-06-09,1.14
331,OFF001,user001,ME001,2023-06-09,1.51
332,OFF001,user002,ME001,2023-06-09,1.88
333,OFF001,user003,ME001,2023-06-09,1.47
334,OFF001,user004,ME001,2023-06-09,1.14
335,OFF001,user005,ME001,2023-06-09,1.58
336,OFF001,user006,ME001,2023-06-09,1.37
337,OFF001,user007,ME001,2023-06-09,1.55
338,OFF001,user008,ME001,2023-06-09,1.51
339,OFF001,user009,ME001,2023-06-09,1.31
340,OFF001,user010,ME001,2023-06-09,1.7
341,OFF001,user001,ME001,2023-06-09,1.41
342,OFF001,user002,ME001,2023-06-09,1.4
343,OFF001,user003,ME001,2023-06-09,1.81
344,OFF001,user004,ME001,2023-06-09,1.63
345,OFF001,user005,ME001,2023-06-09,1.65
346,OFF001,user006,ME001,2023-06-09,1.68
347,OFF001,user007,ME001,2023-06-09,1.5
348,OFF001,user008,ME001,2023-06-09,2
349,OFF001,user009,ME001,2023-06-09,1.62
350,OFF001,user010,ME001,2023-06-09,1.64
351,OFF001,user001,ME001,2023-06-09,1.36
352,OFF001,user002,ME001,2023-06-09,1.46
353,OFF001,user003,ME001,2023-06-09,1.68
354,OFF001,user004,ME001,2023-06-09,1.77
355,OFF001,user005,ME001,2023-06-09,1.26
356,OFF001,user006,ME001,2023-06-09,1.73
357,OFF001,user007,ME001,2023-06-09,1.9
358,OFF001,user008,ME001,2023-06-09,1.39
359,OFF001,user009,ME001,2023-06-09,1.72
360,OFF001,user010,ME001,2023-06-09,1.29
361,OFF001,user001,ME001,2023-06-10,1.23
362,OFF001,user002,ME001,2023-06-10,1.35
363,OFF001,user003,ME001,2023-06-10,1.14
364,OFF001,user004,ME001,2023-06-10,1.37
365,OFF001,user005,ME001,2023-06-10,1
366,OFF001,user006,ME001,2023-06-10,1.48
367,OFF001,user007,ME001,2023-06-10,1.28
368,OFF001,user008,ME001,2023-06-10,1.22
369,OFF001,user009,ME001,2023-06-10,1.4
370,OFF001,user010,ME001,2023-06-10,1.48
371,OFF001,user001,ME001,2023-06-10,1.35
372,OFF001,user002,ME001,2023-06-10,1.31
373,OFF001,user003,ME001,2023-06-10,1.38
374,OFF001,user004,ME001,2023-06-10,1.28
375,OFF001,user005,ME001,2023-06-10,1.25
376,OFF001,user006,ME001,2023-06-10,1.3
377,OFF001,user007,ME001,2023-06-10,1.27
378,OFF001,user008,ME001,2023-06-10,1.03
379,OFF001,user009,ME001,2023-06-10,1.92
380,OFF001,user010,ME001,2023-06-10,1.22
381,OFF001,user001,ME001,2023-06-10,1.7
382,OFF001,user002,ME001,2023-06-10,1.73
383,OFF001,user003,ME001,2023-06-10,1.42
384,OFF001,user004,ME001,2023-06-10,1.61
385,OFF001,user005,ME001,2023-06-10,1.83
386,OFF001,user006,ME001,2023-06-10,1.68
387,OFF001,user007,ME001,2023-06-10,1.32
388,OFF001,user008,ME001,2023-06-10,1.93
389,OFF001,user009,ME001,2023-06-10,1.49
390,OFF001,user010,ME001,2023-06-10,1.58
391,OFF001,user001,ME001,2023-06-10,1.6
392,OFF001,user002,ME001,2023-06-10,1.51
393,OFF001,user003,ME001,2023-06-10,1.65
394,OFF001,user004,ME001,2023-06-10,1.52
395,OFF001,user005,ME001,2023-06-10,1.65
396,OFF001,user006,ME001,2023-06-10,1.82
397,OFF001,user007,ME001,2023-06-10,1.41
398,OFF001,user008,ME001,2023-06-10,1.64
399,OFF001,user009,ME001,2023-06-10,1.38
400,OFF001,user010,ME001,2023-06-10,1.42
401,OFF001,user001,ME001,2023-06-11,1.15
402,OFF001,user002,ME001,2023-06-11,1.53
403,OFF001,user003,ME001,2023-06-11,1.14
404,OFF001,user004,ME001,2023-06-11,1.18
405,OFF001,user005,ME001,2023-06-11,1.11
406,OFF001,user006,ME001,2023-06-11,1.21
407,OFF001,user007,ME001,2023-06-11,1.36
408,OFF001,user008,ME001,2023-06-11,1.45
409,OFF001,user009,ME001,2023-06-11,1.3
410,OFF001,user010,ME001,2023-06-11,1.46
411,OFF001,user001,ME001,2023-06-11,1.28
412,OFF001,user002,ME001,2023-06-11,1.71
413,OFF001,user003,ME001,2023-06-11,1.64
414,OFF001,user004,ME001,2023-06-11,1.03
415,OFF001,user005,ME001,2023-06-11,1.05
416,OFF001,user006,ME001,2023-06-11,1.63
417,OFF001,user007,ME001,2023-06-11,1.45
418,OFF001,user008,ME001,2023-06-11,1.6
419,OFF001,user009,ME001,2023-06-11,1.49
420,OFF001,user010,ME001,2023-06-11,1.09
421,OFF001,user001,ME001,2023-06-11,1.67
422,OFF001,user002,ME001,2023-06-11,1.33
423,OFF001,user003,ME001,2023-06-11,1.25
424,OFF001,user004,ME001,2023-06-11,1.79
425,OFF001,user005,ME001,2023-06-11,1.63
426,OFF001,user006,ME001,2023-06-11,1.84
427,OFF001,user007,ME001,2023-06-11,1.71
428,OFF001,user008,ME001,2023-06-11,1.76
429,OFF001,user009,ME001,2023-06-11,1.72
430,OFF001,user010,ME001,2023-06-11,1.78
431,OFF001,user001,ME001,2023-06-11,1.7
432,OFF001,user002,ME001,2023-06-11,1.55
433,OFF001,user003,ME001,2023-06-11,1.66
434,OFF001,user004,ME001,2023-06-11,1.64
435,OFF001,user005,ME001,2023-06-11,1.56
436,OFF001,user006,ME001,2023-06-11,1.65
437,OFF001,user007,ME001,2023-06-11,1.65
438,OFF001,user008,ME001,2023-06-11,1.5
439,OFF001,user009,ME001,2023-06-11,1.75
440,OFF001,user010,ME001,2023-06-11,1.75
441,OFF001,user001,ME001,2023-06-12,1.22
442,OFF001,user002,ME001,2023-06-12,1.43
443,OFF001,user003,ME001,2023-06-12,1.32
444,OFF001,user004,ME001,2023-06-12,1.1
445,OFF001,user005,ME001,2023-06-12,1.28
446,OFF001,user006,ME001,2023-06-12,1
447,OFF001,user007,ME001,2023-06-12,1.31
448,OFF001,user008,ME001,2023-06-12,1.71
449,OFF001,user009,ME001,2023-06-12,1.07
450,OFF001,user010,ME001,2023-06-12,1.25
451,OFF001,user001,ME001,2023-06-12,1.16
452,OFF001,user002,ME001,2023-06-12,1.66
453,OFF001,user003,ME001,2023-06-12,1.46
454,OFF001,user004,ME001,2023-06-12,1.23
455,OFF001,user005,ME001,2023-06-12,1.19
456,OFF001,user006,ME001,2023-06-12,1.16
457,OFF001,user007,ME001,2023-06-12,1.64
458,OFF001,user008,ME001,2023-06-12,1.32
459,OFF001,user009,ME001,2023-06-12,1.42
460,OFF001,user010,ME001,2023-06-12,1.43
461,OFF001,user001,ME001,2023-06-12,1.44
462,OFF001,user002,ME001,2023-06-12,1.52
463,OFF001,user003,ME001,2023-06-12,1.52
464,OFF001,user004,ME001,2023-06-12,1.33
465,OFF001,user005,ME001,2023-06-12,1.74
466,OFF001,user006,ME001,2023-06-12,1.72
467,OFF001,user007,ME001,2023-06-12,1.78
468,OFF001,user008,ME001,2023-06-12,1.76
469,OFF001,user009,ME001,2023-06-12,1.57
470,OFF001,user010,ME001,2023-06-12,1.64
471,OFF001,user001,ME001,2023-06-12,1.69
472,OFF001,user002,ME001,2023-06-12,1.52
473,OFF001,user003,ME001,2023-06-12,1.35
474,OFF001,user004,ME001,2023-06-12,1.31
475,OFF001,user005,ME001,2023-06-12,1.73
476,OFF001,user006,ME001,2023-06-12,1.62
477,OFF001,user007,ME001,2023-06-12,2
478,OFF001,user008,ME001,2023-06-12,1.96
479,OFF001,user009,ME001,2023-06-12,1.85
480,OFF001,user010,ME001,2023-06-12,1.57
481,OFF001,user001,ME001,2023-06-13,1.17
482,OFF001,user002,ME001,2023-06-13,1.39
483,OFF001,user003,ME001,2023-06-13,1.76
484,OFF001,user004,ME001,2023-06-13,1.5
485,OFF001,user005,ME001,2023-06-13,1.21
486,OFF001,user006,ME001,2023-06-13,1.15
487,OFF001,user007,ME001,2023-06-13,1.39
488,OFF001,user008,ME001,2023-06-13,1.34
489,OFF001,user009,ME001,2023-06-13,1.39
490,OFF001,user010,ME001,2023-06-13,1.3
491,OFF001,user001,ME001,2023-06-13,1.32
492,OFF001,user002,ME001,2023-06-13,1.24
493,OFF001,user003,ME001,2023-06-13,1.44
494,OFF001,user004,ME001,2023-06-13,1.47
495,OFF001,user005,ME001,2023-06-13,1.47
496,OFF001,user006,ME001,2023-06-13,1.34
497,OFF001,user007,ME001,2023-06-13,1.59
498,OFF001,user008,ME001,2023-06-13,1.39
499,OFF001,user009,ME001,2023-06-13,1.7
500,OFF001,user010,ME001,2023-06-13,1.71
501,OFF001,user001,ME001,2023-06-13,1.69
502,OFF001,user002,ME001,2023-06-13,1.52
503,OFF001,user003,ME001,2023-06-13,1.58
504,OFF001,user004,ME001,2023-06-13,1.48
505,OFF001,user005,ME001,2023-06-13,1.34
506,OFF001,user006,ME001,2023-06-13,1.67
507,OFF001,user007,ME001,2023-06-13,2
508,OFF001,user008,ME001,2023-06-13,1.53
509,OFF001,user009,ME001,2023-06-13,1.62
510,OFF001,user010,ME001,2023-06-13,1.48
511,OFF001,user001,ME001,2023-06-13,1.57
512,OFF001,user002,ME001,2023-06-13,1.45
513,OFF001,user003,ME001,2023-06-13,1.37
514,OFF001,user004,ME001,2023-06-13,1.48
515,OFF001,user005,ME001,2023-06-13,2
516,OFF001,user006,ME001,2023-06-13,1.43
517,OFF001,user007,ME001,2023-06-13,1.57
518,OFF001,user008,ME001,2023-06-13,1.33
519,OFF001,user009,ME001,2023-06-13,1.64
520,OFF001,user010,ME001,2023-06-13,1.67
521,OFF001,user001,ME001,2023-06-14,1.14
522,OFF001,user002,ME001,2023-06-14,1.52
523,OFF001,user003,ME001,2023-06-14,1.3
524,OFF001,user004,ME001,2023-06-14,1.22
525,OFF001,user005,ME001,2023-06-14,1.4
526,OFF001,user006,ME001,2023-06-14,1.08
527,OFF001,user007,ME001,2023-06-14,1.14
528,OFF001,user008,ME001,2023-06-14,1.48
529,OFF001,user009,ME001,2023-06-14,1.71
530,OFF001,user010,ME001,2023-06-14,1.41
531,OFF001,user001,ME001,2023-06-14,1.21
532,OFF001,user002,ME001,2023-06-14,1.48
533,OFF001,user003,ME001,2023-06-14,1.52
534,OFF001,user004,ME001,2023-06-14,1.2
535,OFF001,user005,ME001,2023-06-14,1.28
536,OFF001,user006,ME001,2023-06-14,1.5
537,OFF001,user007,ME001,2023-06-14,1.71
538,OFF001,user008,ME001,2023-06-14,1.15
539,OFF001,user009,ME001,2023-06-14,1.5
540,OFF001,user010,ME001,2023-06-14,1.68
541,OFF001,user001,ME001,2023-06-14,1.94
542,OFF001,user002,ME001,2023-06-14,1.56
543,OFF001,user003,ME001,2023-06-14,1.57
544,OFF001,user004,ME001,2023-06-14,1.73
545,OFF001,user005,ME001,2023-06-14,1.72
546,OFF001,user006,ME001,2023-06-14,1.73
547,OFF001,user007,ME001,2023-06-14,1.66
548,OFF001,user008,ME001,2023-06-14,1.51
549,OFF001,user009,ME001,2023-06-14,1.81
550,OFF001,user010,ME001,2023-06-14,1.6
551,OFF001,user001,ME001,2023-06-14,1.47
552,OFF001,user002,ME001,2023-06-14,1.6
553,OFF001,user003,ME001,2023-06-14,1.53
554,OFF001,user004,ME001,2023-06-14,1.57
555,OFF001,user005,ME001,2023-06-14,1.6
556,OFF001,user006,ME001,2023-06-14,1.45
557,OFF001,user007,ME001,2023-06-14,1.94
558,OFF001,user008,ME001,2023-06-14,1.43
559,OFF001,user009,ME001,2023-06-14,1.75
560,OFF001,user010,ME001,2023-06-14,1.26
561,OFF001,user001,ME001,2023-06-15,1.16
562,OFF001,user002,ME001,2023-06-15,1.17
563,OFF001,user003,ME001,2023-06-15,1.51
564,OFF001,user004,ME001,2023-06-15,1.16
565,OFF001,user005,ME001,2023-06-15,1.09
566,OFF001,user006,ME001,2023-06-15,1.15
567,OFF001,user007,ME001,2023-06-15,1.53
568,OFF001,user008,ME001,2023-06-15,1.15
569,OFF001,user009,ME001,2023-06-15,1.33
570,OFF001,user010,ME001,2023-06-15,1.15
571,OFF001,user001,ME001,2023-06-15,1.73
572,OFF001,user002,ME001,2023-06-15,1.46
573,OFF001,user003,ME001,2023-06-15,1.28
574,OFF001,user004,ME001,2023-06-15,1.72
575,OFF001,user005,ME001,2023-06-15,1.1
576,OFF001,user006,ME001,2023-06-15,1.15
577,OFF001,user007,ME001,2023-06-15,1.53
578,OFF001,user008,ME001,2023-06-15,1.49
579,OFF001,user009,ME001,2023-06-15,1.3
580,OFF001,user010,ME001,2023-06-15,1.13
581,OFF001,user001,ME001,2023-06-15,1.6
582,OFF001,user002,ME001,2023-06-15,1.52
583,OFF001,user003,ME001,2023-06-15,1.38
584,OFF001,user004,ME001,2023-06-15,1.96
585,OFF001,user005,ME001,2023-06-15,1.51
586,OFF001,user006,ME001,2023-06-15,1.82
587,OFF001,user007,ME001,2023-06-15,1.73
588,OFF001,user008,ME001,2023-06-15,1.72
589,OFF001,user009,ME001,2023-06-15,1.35
590,OFF001,user010,ME001,2023-06-15,1.73
591,OFF001,user001,ME001,2023-06-15,1.76
592,OFF001,user002,ME001,2023-06-15,1.55
593,OFF001,user003,ME001,2023-06-15,1.68
594,OFF001,user004,ME001,2023-06-15,1.59
595,OFF001,user005,ME001,2023-06-15,1.7
596,OFF001,user006,ME001,2023-06-15,1.66
597,OFF001,user007,ME001,2023-06-15,1.45
598,OFF001,user008,ME001,2023-06-15,1.66
599,OFF001,user009,ME001,2023-06-15,1.4
600,OFF001,user010,ME001,2023-06-15,1.46
601,OFF001,user001,ME001,2023-06-16,1.44
602,OFF001,user002,ME001,2023-06-16,1.12
603,OFF001,user003,ME001,2023-06-16,1.41
604,OFF001,user004,ME001,2023-06-16,1.22
605,OFF001,user005,ME001,2023-06-16,1.16
606,OFF001,user006,ME001,2023-06-16,1.31
607,OFF001,user007,ME001,2023-06-16,1.38
608,OFF001,user008,ME001,2023-06-16,1.42
609,OFF001,user009,ME001,2023-06-16,1.3
610,OFF001,user010,ME001,2023-06-16,1.36
611,OFF001,user001,ME001,2023-06-16,1.16
612,OFF001,user002,ME001,2023-06-16,1.59
613,OFF001,user003,ME001,2023-06-16,1.35
614,OFF001,user004,ME001,2023-06-16,1.56
615,OFF001,user005,ME001,2023-06-16,1.63
616,OFF001,user006,ME001,2023-06-16,1.55
617,OFF001,user007,ME001,2023-06-16,1.36
618,OFF001,user008,ME001,2023-06-16,1.53
619,OFF001,user009,ME001,2023-06-16,1.54
620,OFF001,user010,ME001,2023-06-16,1.07
621,OFF001,user001,ME001,2023-06-16,1.53
622,OFF001,user002,ME001,2023-06-16,1.13
623,OFF001,user003,ME001,2023-06-16,1.05
624,OFF001,user004,ME001,2023-06-16,1.21
625,OFF001,user005,ME001,2023-06-16,1.69
626,OFF001,user006,ME001,2023-06-16,1.72
627,OFF001,user007,ME001,2023-06-16,1.86
628,OFF001,user008,ME001,2023-06-16,1.94
629,OFF001,user009,ME001,2023-06-16,1.81
630,OFF001,user010,ME001,2023-06-16,1.26
631,OFF001,user001,ME001,2023-06-16,1.06
632,OFF001,user002,ME001,2023-06-16,1.25
633,OFF001,user003,ME001,2023-06-16,1.44
634,OFF001,user004,ME001,2023-06-16,1.57
635,OFF001,user005,ME001,2023-06-16,1.65
636,OFF001,user006,ME001,2023-06-16,1.37
637,OFF001,user007,ME001,2023-06-16,1.57
638,OFF001,user008,ME001,2023-06-16,1.45
639,OFF001,user009,ME001,2023-06-16,1.81
640,OFF001,user010,ME001,2023-06-16,1.11
641,OFF001,user001,ME001,2023-06-17,1.26
642,OFF001,user002,ME001,2023-06-17,1.29
643,OFF001,user003,ME001,2023-06-17,1.53
644,OFF001,user004,ME001,2023-06-17,1.32
645,OFF001,user005,ME001,2023-06-17,1
646,OFF001,user006,ME001,2023-06-17,1.49
647,OFF001,user007,ME001,2023-06-17,1.36
648,OFF001,user008,ME001,2023-06-17,1.39
649,OFF001,user009,ME001,2023-06-17,1.29
650,OFF001,user010,ME001,2023-06-17,1.34
651,OFF001,user001,ME001,2023-06-17,1.34
652,OFF001,user002,ME001,2023-06-17,1.48
653,OFF001,user003,ME001,2023-06-17,1.68
654,OFF001,user004,ME001,2023-06-17,1.14
655,OFF001,user005,ME001,2023-06-17,1.25
656,OFF001,user006,ME001,2023-06-17,1.39
657,OFF001,user007,ME001,2023-06-17,1.49
658,OFF001,user008,ME001,2023-06-17,1.54
659,OFF001,user009,ME001,2023-06-17,1.45
660,OFF001,user010,ME001,2023-06-17,1.32
661,OFF001,user001,ME001,2023-06-17,1.42
662,OFF001,user002,ME001,2023-06-17,1.28
663,OFF001,user003,ME001,2023-06-17,1.33
664,OFF001,user004,ME001,2023-06-17,1.22
665,OFF001,user005,ME001,2023-06-17,1.53
666,OFF001,user006,ME001,2023-06-17,1.51
667,OFF001,user007,ME001,2023-06-17,2
668,OFF001,user008,ME001,2023-06-17,2
669,OFF001,user009,ME001,2023-06-17,1.62
670,OFF001,user010,ME001,2023-06-17,1.19
671,OFF001,user001,ME001,2023-06-17,1.26
672,OFF001,user002,ME001,2023-06-17,1.44
673,OFF001,user003,ME001,2023-06-17,1.29
674,OFF001,user004,ME001,2023-06-17,1.04
675,OFF001,user005,ME001,2023-06-17,1.41
676,OFF001,user006,ME001,2023-06-17,1.57
677,OFF001,user007,ME001,2023-06-17,1.38
678,OFF001,user008,ME001,2023-06-17,1.74
679,OFF001,user009,ME001,2023-06-17,1.54
680,OFF001,user010,ME001,2023-06-17,1.33
681,OFF001,user001,ME001,2023-06-18,1.09
682,OFF001,user002,ME001,2023-06-18,1.2
683,OFF001,user003,ME001,2023-06-18,1.41
684,OFF001,user004,ME001,2023-06-18,1.27
685,OFF001,user005,ME001,2023-06-18,1.24
686,OFF001,user006,ME001,2023-06-18,1.14
687,OFF001,user007,ME001,2023-06-18,1.42
688,OFF001,user008,ME001,2023-06-18,1.22
689,OFF001,user009,ME001,2023-06-18,1.38
690,OFF001,user010,ME001,2023-06-18,1.29
691,OFF001,user001,ME001,2023-06-18,1.22
692,OFF001,user002,ME001,2023-06-18,1
693,OFF001,user003,ME001,2023-06-18,1.32
694,OFF001,user004,ME001,2023-06-18,1.16
695,OFF001,user005,ME001,2023-06-18,1.37
696,OFF001,user006,ME001,2023-06-18,1.25
697,OFF001,user007,ME001,2023-06-18,1.83
698,OFF001,user008,ME001,2023-06-18,1.72
699,OFF001,user009,ME001,2023-06-18,1.32
700,OFF001,user010,ME001,2023-06-18,1.23
701,OFF001,user001,ME001,2023-06-18,1.54
702,OFF001,user002,ME001,2023-06-18,1.42
703,OFF001,user003,ME001,2023-06-18,1.35
704,OFF001,user004,ME001,2023-06-18,1.62
705,OFF001,user005,ME001,2023-06-18,1.72
706,OFF001,user006,ME001,2023-06-18,1.77
707,OFF001,user007,ME001,2023-06-18,1.48
708,OFF001,user008,ME001,2023-06-18,1.82
709,OFF001,user009,ME001,2023-06-18,1.75
710,OFF001,user010,ME001,2023-06-18,1.37
711,OFF001,user001,ME001,2023-06-18,1.5
712,OFF001,user002,ME001,2023-06-18,1.19
713,OFF001,user003,ME001,2023-06-18,1.7
714,OFF001,user004,ME001,2023-06-18,1.46
715,OFF001,user005,ME001,2023-06-18,1.64
716,OFF001,user006,ME001,2023-06-18,1.99
717,OFF001,user007,ME001,2023-06-18,1.24
718,OFF001,user008,ME001,2023-06-18,1.45
719,OFF001,user009,ME001,2023-06-18,1.66
720,OFF001,user010,ME001,2023-06-18,1.31
721,OFF001,user001,ME001,2023-06-19,1.47
722,OFF001,user002,ME001,2023-06-19,1.53
723,OFF001,user003,ME001,2023-06-19,1.41
724,OFF001,user004,ME001,2023-06-19,1.27
725,OFF001,user005,ME001,2023-06-19,1.29
726,OFF001,user006,ME001,2023-06-19,1.17
727,OFF001,user007,ME001,2023-06-19,1.65
728,OFF001,user008,ME001,2023-06-19,1.45
729,OFF001,user009,ME001,2023-06-19,1.3
730,OFF001,user010,ME001,2023-06-19,1.35
731,OFF001,user001,ME001,2023-06-19,1.42
732,OFF001,user002,ME001,2023-06-19,1.57
733,OFF001,user003,ME001,2023-06-19,1.39
734,OFF001,user004,ME001,2023-06-19,1.27
735,OFF001,user005,ME001,2023-06-19,1.44
736,OFF001,user006,ME001,2023-06-19,1.45
737,OFF001,user007,ME001,2023-06-19,1.18
738,OFF001,user008,ME001,2023-06-19,1.29
739,OFF001,user009,ME001,2023-06-19,1.62
740,OFF001,user010,ME001,2023-06-19,1.24
741,OFF001,user001,ME001,2023-06-19,1.67
742,OFF001,user002,ME001,2023-06-19,1.06
743,OFF001,user003,ME001,2023-06-19,1.72
744,OFF001,user004,ME001,2023-06-19,1.74
745,OFF001,user005,ME001,2023-06-19,1.75
746,OFF001,user006,ME001,2023-06-19,1.66
747,OFF001,user007,ME001,2023-06-19,1.88
748,OFF001,user008,ME001,2023-06-19,2
749,OFF001,user009,ME001,2023-06-19,1.69
750,OFF001,user010,ME001,2023-06-19,1.53
751,OFF001,user001,ME001,2023-06-19,1.59
752,OFF001,user002,ME001,2023-06-19,1.44
753,OFF001,user003,ME001,2023-06-19,1.7
754,OFF001,user004,ME001,2023-06-19,1.74
755,OFF001,user005,ME001,2023-06-19,1.46
756,OFF001,user006,ME001,2023-06-19,1.57
757,OFF001,user007,ME001,2023-06-19,1.46
758,OFF001,user008,ME001,2023-06-19,1.54
759,OFF001,user009,ME001,2023-06-19,1.58
760,OFF001,user010,ME001,2023-06-19,1.7
761,OFF001,user001,ME001,2023-06-20,1.41
762,OFF001,user002,ME001,2023-06-20,1.53
763,OFF001,user003,ME001,2023-06-20,1.48
764,OFF001,user004,ME001,2023-06-20,1.29
765,OFF001,user005,ME001,2023-06-20,1.26
766,OFF001,user006,ME001,2023-06-20,1.29
767,OFF001,user007,ME001,2023-06-20,1.3
768,OFF001,user008,ME001,2023-06-20,1.34
769,OFF001,user009,ME001,2023-06-20,1.44
770,OFF001,user010,ME001,2023-06-20,1.21
771,OFF001,user001,ME001,2023-06-20,1.04
772,OFF001,user002,ME001,2023-06-20,1.26
773,OFF001,user003,ME001,2023-06-20,1.59
774,OFF001,user004,ME001,2023-06-20,1.21
775,OFF001,user005,ME001,2023-06-20,1.57
776,OFF001,user006,ME001,2023-06-20,1.21
777,OFF001,user007,ME001,2023-06-20,1.38
778,OFF001,user008,ME001,2023-06-20,1.39
779,OFF001,user009,ME001,2023-06-20,1.05
780,OFF001,user010,ME001,2023-06-20,1.13
781,OFF001,user001,ME001,2023-06-20,1.54
782,OFF001,user002,ME001,2023-06-20,1.25
783,OFF001,user003,ME001,2023-06-20,1.66
784,OFF001,user004,ME001,2023-06-20,1.63
785,OFF001,user005,ME001,2023-06-20,1.38
786,OFF001,user006,ME001,2023-06-20,1.59
787,OFF001,user007,ME001,2023-06-20,1.36
788,OFF001,user008,ME001,2023-06-20,1.9
789,OFF001,user009,ME001,2023-06-20,1.36
790,OFF001,user010,ME001,2023-06-20,1.62
791,OFF001,user001,ME001,2023-06-20,1.54
792,OFF001,user002,ME001,2023-06-20,1.44
793,OFF001,user003,ME001,2023-06-20,1.19
794,OFF001,user004,ME001,2023-06-20,1.47
795,OFF001,user005,ME001,2023-06-20,1.4
796,OFF001,user006,ME001,2023-06-20,1.64
797,OFF001,user007,ME001,2023-06-20,1.48
798,OFF001,user008,ME001,2023-06-20,2
799,OFF001,user009,ME001,2023-06-20,1.06
800,OFF001,user010,ME001,2023-06-20,1.87
801,OFF001,user001,ME001,2023-06-21,1.17
802,OFF001,user002,ME001,2023-06-21,1.39
803,OFF001,user003,ME001,2023-06-21,1.62
804,OFF001,user004,ME001,2023-06-21,1.21
805,OFF001,user005,ME001,2023-06-21,1.11
806,OFF001,user006,ME001,2023-06-21,1.47
807,OFF001,user007,ME001,2023-06-21,1.32
808,OFF001,user008,ME001,2023-06-21,1.37
809,OFF001,user009,ME001,2023-06-21,1.31
810,OFF001,user010,ME001,2023-06-21,1.36
811,OFF001,user001,ME001,2023-06-21,1.28
812,OFF001,user002,ME001,2023-06-21,1.45
813,OFF001,user003,ME001,2023-06-21,1.41
814,OFF001,user004,ME001,2023-06-21,1.73
815,OFF001,user005,ME001,2023-06-21,1.3
816,OFF001,user006,ME001,2023-06-21,1.57
817,OFF001,user007,ME001,2023-06-21,1.44
818,OFF001,user008,ME001,2023-06-21,1.41
819,OFF001,user009,ME001,2023-06-21,1.5
820,OFF001,user010,ME001,2023-06-21,1.52
821,OFF001,user001,ME001,2023-06-21,1.52
822,OFF001,user002,ME001,2023-06-21,1.29
823,OFF001,user003,ME001,2023-06-21,1.53
824,OFF001,user004,ME001,2023-06-21,1.78
825,OFF001,user005,ME001,2023-06-21,1.47
826,OFF001,user006,ME001,2023-06-21,1.6
827,OFF001,user007,ME001,2023-06-21,1.88
828,OFF001,user008,ME001,2023-06-21,1.34
829,OFF001,user009,ME001,2023-06-21,1.49
830,OFF001,user010,ME001,2023-06-21,1.65
831,OFF001,user001,ME001,2023-06-21,1.69
832,OFF001,user002,ME001,2023-06-21,1.36
833,OFF001,user003,ME001,2023-06-21,1.21
834,OFF001,user004,ME001,2023-06-21,1.62
835,OFF001,user005,ME001,2023-06-21,1.72
836,OFF001,user006,ME001,2023-06-21,1.58
837,OFF001,user007,ME001,2023-06-21,1.86
838,OFF001,user008,ME001,2023-06-21,1.46
839,OFF001,user009,ME001,2023-06-21,1.36
840,OFF001,user010,ME001,2023-06-21,1.72
841,OFF001,user001,ME001,2023-06-22,1.28
842,OFF001,user002,ME001,2023-06-22,1.34
843,OFF001,user003,ME001,2023-06-22,1.28
844,OFF001,user004,ME001,2023-06-22,1.34
845,OFF001,user005,ME001,2023-06-22,1
846,OFF001,user006,ME001,2023-06-22,1.49
847,OFF001,user007,ME001,2023-06-22,1.46
848,OFF001,user008,ME001,2023-06-22,1.22
849,OFF001,user009,ME001,2023-06-22,1.21
850,OFF001,user010,ME001,2023-06-22,1.18
851,OFF001,user001,ME001,2023-06-22,1.55
852,OFF001,user002,ME001,2023-06-22,1.69
853,OFF001,user003,ME001,2023-06-22,1.21
854,OFF001,user004,ME001,2023-06-22,1.34
855,OFF001,user005,ME001,2023-06-22,1.28
856,OFF001,user006,ME001,2023-06-22,1.07
857,OFF001,user007,ME001,2023-06-22,1.43
858,OFF001,user008,ME001,2023-06-22,1.56
859,OFF001,user009,ME001,2023-06-22,1.24
860,OFF001,user010,ME001,2023-06-22,1.46
861,OFF001,user001,ME001,2023-06-22,1.92
862,OFF001,user002,ME001,2023-06-22,1.41
863,OFF001,user003,ME001,2023-06-22,1.55
864,OFF001,user004,ME001,2023-06-22,1.56
865,OFF001,user005,ME001,2023-06-22,1.63
866,OFF001,user006,ME001,2023-06-22,1.67
867,OFF001,user007,ME001,2023-06-22,1.61
868,OFF001,user008,ME001,2023-06-22,2
869,OFF001,user009,ME001,2023-06-22,1.2
870,OFF001,user010,ME001,2023-06-22,1.84
871,OFF001,user001,ME001,2023-06-22,1.62
872,OFF001,user002,ME001,2023-06-22,1.55
873,OFF001,user003,ME001,2023-06-22,1.37
874,OFF001,user004,ME001,2023-06-22,1.79
875,OFF001,user005,ME001,2023-06-22,1.56
876,OFF001,user006,ME001,2023-06-22,1.42
877,OFF001,user007,ME001,2023-06-22,1.66
878,OFF001,user008,ME001,2023-06-22,1.51
879,OFF001,user009,ME001,2023-06-22,1.65
880,OFF001,user010,ME001,2023-06-22,1.44
881,OFF001,user001,ME001,2023-06-23,1.4
882,OFF001,user002,ME001,2023-06-23,1.18
883,OFF001,user003,ME001,2023-06-23,1.15
884,OFF001,user004,ME001,2023-06-23,1.28
885,OFF001,user005,ME001,2023-06-23,1.32
886,OFF001,user006,ME001,2023-06-23,1.29
887,OFF001,user007,ME001,2023-06-23,1.47
888,OFF001,user008,ME001,2023-06-23,1.41
889,OFF001,user009,ME001,2023-06-23,1.36
890,OFF001,user010,ME001,2023-06-23,1.23
891,OFF001,user001,ME001,2023-06-23,1.42
892,OFF001,user002,ME001,2023-06-23,1.33
893,OFF001,user003,ME001,2023-06-23,1.62
894,OFF001,user004,ME001,2023-06-23,1.22
895,OFF001,user005,ME001,2023-06-23,1.5
896,OFF001,user006,ME001,2023-06-23,1.62
897,OFF001,user007,ME001,2023-06-23,1.56
898,OFF001,user008,ME001,2023-06-23,1.5
899,OFF001,user009,ME001,2023-06-23,1.67
900,OFF001,user010,ME001,2023-06-23,1.21
901,OFF001,user001,ME001,2023-06-23,1.58
902,OFF001,user002,ME001,2023-06-23,1.27
903,OFF001,user003,ME001,2023-06-23,1.43
904,OFF001,user004,ME001,2023-06-23,1.47
905,OFF001,user005,ME001,2023-06-23,1.27
906,OFF001,user006,ME001,2023-06-23,1.35
907,OFF001,user007,ME001,2023-06-23,1.74
908,OFF001,user008,ME001,2023-06-23,1.47
909,OFF001,user009,ME001,2023-06-23,1.43
910,OFF001,user010,ME001,2023-06-23,1.58
911,OFF001,user001,ME001,2023-06-23,1.68
912,OFF001,user002,ME001,2023-06-23,1.4
913,OFF001,user003,ME001,2023-06-23,1.45
914,OFF001,user004,ME001,2023-06-23,1.43
915,OFF001,user005,ME001,2023-06-23,1.28
916,OFF001,user006,ME001,2023-06-23,1.5
917,OFF001,user007,ME001,2023-06-23,1.8
918,OFF001,user008,ME001,2023-06-23,1.65
919,OFF001,user009,ME001,2023-06-23,1.52
920,OFF001,user010,ME001,2023-06-23,1.25
921,OFF001,user001,ME001,2023-06-24,1.21
922,OFF001,user002,ME001,2023-06-24,1.68
923,OFF001,user003,ME001,2023-06-24,1.07
924,OFF001,user004,ME001,2023-06-24,1.29
925,OFF001,user005,ME001,2023-06-24,1.15
926,OFF001,user006,ME001,2023-06-24,1.17
927,OFF001,user007,ME001,2023-06-24,1.74
928,OFF001,user008,ME001,2023-06-24,1.64
929,OFF001,user009,ME001,2023-06-24,1.06
930,OFF001,user010,ME001,2023-06-24,1.36
931,OFF001,user001,ME001,2023-06-24,1.35
932,OFF001,user002,ME001,2023-06-24,1.13
933,OFF001,user003,ME001,2023-06-24,1.25
934,OFF001,user004,ME001,2023-06-24,1.33
935,OFF001,user005,ME001,2023-06-24,1.4
936,OFF001,user006,ME001,2023-06-24,1.5
937,OFF001,user007,ME001,2023-06-24,1.54
938,OFF001,user008,ME001,2023-06-24,1.66
939,OFF001,user009,ME001,2023-06-24,1.36
940,OFF001,user010,ME001,2023-06-24,1.34
941,OFF001,user001,ME001,2023-06-24,1.69
942,OFF001,user002,ME001,2023-06-24,1.27
943,OFF001,user003,ME001,2023-06-24,1.68
944,OFF001,user004,ME001,2023-06-24,1.51
945,OFF001,user005,ME001,2023-06-24,1.6
946,OFF001,user006,ME001,2023-06-24,1.31
947,OFF001,user007,ME001,2023-06-24,1.32
948,OFF001,user008,ME001,2023-06-24,1.58
949,OFF001,user009,ME001,2023-06-24,1.75
950,OFF001,user010,ME001,2023-06-24,1.55
951,OFF001,user001,ME001,2023-06-24,1.63
952,OFF001,user002,ME001,2023-06-24,1.33
953,OFF001,user003,ME001,2023-06-24,1.73
954,OFF001,user004,ME001,2023-06-24,1.38
955,OFF001,user005,ME001,2023-06-24,1.51
956,OFF001,user006,ME001,2023-06-24,1.39
957,OFF001,user007,ME001,2023-06-24,1.12
958,OFF001,user008,ME001,2023-06-24,1.8
959,OFF001,user009,ME001,2023-06-24,1.43
960,OFF001,user010,ME001,2023-06-24,1.38
961,OFF001,user001,ME001,2023-06-25,1
962,OFF001,user002,ME001,2023-06-25,1.71
963,OFF001,user003,ME001,2023-06-25,1.6
964,OFF001,user004,ME001,2023-06-25,1.35
965,OFF001,user005,ME001,2023-06-25,1.26
966,OFF001,user006,ME001,2023-06-25,1.11
967,OFF001,user007,ME001,2023-06-25,1.17
968,OFF001,user008,ME001,2023-06-25,1.29
969,OFF001,user009,ME001,2023-06-25,1.22
970,OFF001,user010,ME001,2023-06-25,1.28
971,OFF001,user001,ME001,2023-06-25,1.61
972,OFF001,user002,ME001,2023-06-25,1.71
973,OFF001,user003,ME001,2023-06-25,1.66
974,OFF001,user004,ME001,2023-06-25,1.42
975,OFF001,user005,ME001,2023-06-25,1.39
976,OFF001,user006,ME001,2023-06-25,1.42
977,OFF001,user007,ME001,2023-06-25,1.16
978,OFF001,user008,ME001,2023-06-25,1.29
979,OFF001,user009,ME001,2023-06-25,1.19
980,OFF001,user010,ME001,2023-06-25,1.23
981,OFF001,user001,ME001,2023-06-25,1.77
982,OFF001,user002,ME001,2023-06-25,1.65
983,OFF001,user003,ME001,2023-06-25,1.72
984,OFF001,user004,ME001,2023-06-25,1.91
985,OFF001,user005,ME001,2023-06-25,1.79
986,OFF001,user006,ME001,2023-06-25,1.34
987,OFF001,user007,ME001,2023-06-25,1.06
988,OFF001,user008,ME001,2023-06-25,1.54
989,OFF001,user009,ME001,2023-06-25,1.87
990,OFF001,user010,ME001,2023-06-25,1.47
991,OFF001,user001,ME001,2023-06-25,1.5
992,OFF001,user002,ME001,2023-06-25,1.31
993,OFF001,user003,ME001,2023-06-25,1.41
994,OFF001,user004,ME001,2023-06-25,1.42
995,OFF001,user005,ME001,2023-06-25,1.69
996,OFF001,user006,ME001,2023-06-25,1.59
997,OFF001,user007,ME001,2023-06-25,1.07
998,OFF001,user008,ME001,2023-06-25,1.61
999,OFF001,user009,ME001,2023-06-25,1.77
1000,OFF001,user010,ME001,2023-06-25,1.46
1001,OFF001,user001,ME001,2023-06-26,1.41
1002,OFF001,user002,ME001,2023-06-26,1.51
1003,OFF001,user003,ME001,2023-06-26,1.07
1004,OFF001,user004,ME001,2023-06-26,1.26
1005,OFF001,user005,ME001,2023-06-26,1.3
1006,OFF001,user006,ME001,2023-06-26,1.52
1007,OFF001,user007,ME001,2023-06-26,1.35
1008,OFF001,user008,ME001,2023-06-26,1.47
1009,OFF001,user009,ME001,2023-06-26,1.39
1010,OFF001,user010,ME001,2023-06-26,1.16
1011,OFF001,user001,ME001,2023-06-26,1.23
1012,OFF001,user002,ME001,2023-06-26,1.24
1013,OFF001,user003,ME001,2023-06-26,1.52
1014,OFF001,user004,ME001,2023-06-26,1.23
1015,OFF001,user005,ME001,2023-06-26,1.61
1016,OFF001,user006,ME001,2023-06-26,1.42
1017,OFF001,user007,ME001,2023-06-26,1.32
1018,OFF001,user008,ME001,2023-06-26,1.31
1019,OFF001,user009,ME001,2023-06-26,1.63
1020,OFF001,user010,ME001,2023-06-26,1.42
1021,OFF001,user001,ME001,2023-06-26,1.69
1022,OFF001,user002,ME001,2023-06-26,1.36
1023,OFF001,user003,ME001,2023-06-26,2
1024,OFF001,user004,ME001,2023-06-26,1.62
1025,OFF001,user005,ME001,2023-06-26,1.69
1026,OFF001,user006,ME001,2023-06-26,1.65
1027,OFF001,user007,ME001,2023-06-26,1.03
1028,OFF001,user008,ME001,2023-06-26,1.8
1029,OFF001,user009,ME001,2023-06-26,1.83
1030,OFF001,user010,ME001,2023-06-26,1.8
1031,OFF001,user001,ME001,2023-06-26,1.33
1032,OFF001,user002,ME001,2023-06-26,1.11
1033,OFF001,user003,ME001,2023-06-26,1.66
1034,OFF001,user004,ME001,2023-06-26,1.5
1035,OFF001,user005,ME001,2023-06-26,1.65
1036,OFF001,user006,ME001,2023-06-26,1.53
1037,OFF001,user007,ME001,2023-06-26,1.56
1038,OFF001,user008,ME001,2023-06-26,1.93
1039,OFF001,user009,ME001,2023-06-26,1.93
1040,OFF001,user010,ME001,2023-06-26,1.64
1041,OFF001,user001,ME001,2023-06-27,1.15
1042,OFF001,user002,ME001,2023-06-27,1.54
1043,OFF001,user003,ME001,2023-06-27,1.2
1044,OFF001,user004,ME001,2023-06-27,1.05
1045,OFF001,user005,ME001,2023-06-27,1.05
1046,OFF001,user006,ME001,2023-06-27,1.26
1047,OFF001,user007,ME001,2023-06-27,1.32
1048,OFF001,user008,ME001,2023-06-27,1.36
1049,OFF001,user009,ME001,2023-06-27,1.42
1050,OFF001,user010,ME001,2023-06-27,1.29
1051,OFF001,user001,ME001,2023-06-27,1.72
1052,OFF001,user002,ME001,2023-06-27,1.4
1053,OFF001,user003,ME001,2023-06-27,1.47
1054,OFF001,user004,ME001,2023-06-27,1.34
1055,OFF001,user005,ME001,2023-06-27,1.37
1056,OFF001,user006,ME001,2023-06-27,1.39
1057,OFF001,user007,ME001,2023-06-27,1.15
1058,OFF001,user008,ME001,2023-06-27,1.63
1059,OFF001,user009,ME001,2023-06-27,1.51
1060,OFF001,user010,ME001,2023-06-27,1.3
1061,OFF001,user001,ME001,2023-06-27,1.45
1062,OFF001,user002,ME001,2023-06-27,1.44
1063,OFF001,user003,ME001,2023-06-27,1.59
1064,OFF001,user004,ME001,2023-06-27,1.68
1065,OFF001,user005,ME001,2023-06-27,1.54
1066,OFF001,user006,ME001,2023-06-27,1.47
1067,OFF001,user007,ME001,2023-06-27,1.08
1068,OFF001,user008,ME001,2023-06-27,1.75
1069,OFF001,user009,ME001,2023-06-27,1.55
1070,OFF001,user010,ME001,2023-06-27,1.69
1071,OFF001,user001,ME001,2023-06-27,1.62
1072,OFF001,user002,ME001,2023-06-27,1.37
1073,OFF001,user003,ME001,2023-06-27,1.86
1074,OFF001,user004,ME001,2023-06-27,1.32
1075,OFF001,user005,ME001,2023-06-27,1.64
1076,OFF001,user006,ME001,2023-06-27,1.8
1077,OFF001,user007,ME001,2023-06-27,1.78
1078,OFF001,user008,ME001,2023-06-27,1.36
1079,OFF001,user009,ME001,2023-06-27,1.57
1080,OFF001,user010,ME001,2023-06-27,1.59
1081,OFF001,user001,ME001,2023-06-28,1.23
1082,OFF001,user002,ME001,2023-06-28,1.31
1083,OFF001,user003,ME001,2023-06-28,1.53
1084,OFF001,user004,ME001,2023-06-28,1.33
1085,OFF001,user005,ME001,2023-06-28,1.22
1086,OFF001,user006,ME001,2023-06-28,1.49
1087,OFF001,user007,ME001,2023-06-28,1.39
1088,OFF001,user008,ME001,2023-06-28,1.49
1089,OFF001,user009,ME001,2023-06-28,1.27
1090,OFF001,user010,ME001,2023-06-28,1.45
1091,OFF001,user001,ME001,2023-06-28,1.48
1092,OFF001,user002,ME001,2023-06-28,1.24
1093,OFF001,user003,ME001,2023-06-28,1.81
1094,OFF001,user004,ME001,2023-06-28,1.35
1095,OFF001,user005,ME001,2023-06-28,1.31
1096,OFF001,user006,ME001,2023-06-28,1.18
1097,OFF001,user007,ME001,2023-06-28,1.47
1098,OFF001,user008,ME001,2023-06-28,1.49
1099,OFF001,user009,ME001,2023-06-28,1.47
1100,OFF001,user010,ME001,2023-06-28,1.23
1101,OFF001,user001,ME001,2023-06-28,1.33
1102,OFF001,user002,ME001,2023-06-28,1.37
1103,OFF001,user003,ME001,2023-06-28,1.32
1104,OFF001,user004,ME001,2023-06-28,1.49
1105,OFF001,user005,ME001,2023-06-28,1.13
1106,OFF001,user006,ME001,2023-06-28,1.3
1107,OFF001,user007,ME001,2023-06-28,1.53
1108,OFF001,user008,ME001,2023-06-28,1.42
1109,OFF001,user009,ME001,2023-06-28,1.63
1110,OFF001,user010,ME001,2023-06-28,1.44
1111,OFF001,user001,ME001,2023-06-28,1.21
1112,OFF001,user002,ME001,2023-06-28,1.13
1113,OFF001,user003,ME001,2023-06-28,1.52
1114,OFF001,user004,ME001,2023-06-28,1.38
1115,OFF001,user005,ME001,2023-06-28,1.08
1116,OFF001,user006,ME001,2023-06-28,1.79
1117,OFF001,user007,ME001,2023-06-28,1.06
1118,OFF001,user008,ME001,2023-06-28,1.5
1119,OFF001,user009,ME001,2023-06-28,1.53
1120,OFF001,user010,ME001,2023-06-28,1
1121,OFF001,user001,ME001,2023-06-29,1.38
1122,OFF001,user002,ME001,2023-06-29,1.45
1123,OFF001,user003,ME001,2023-06-29,1.73
1124,OFF001,user004,ME001,2023-06-29,1.2
1125,OFF001,user005,ME001,2023-06-29,1.33
1126,OFF001,user006,ME001,2023-06-29,1.53
1127,OFF001,user007,ME001,2023-06-29,1.36
1128,OFF001,user008,ME001,2023-06-29,1.2
1129,OFF001,user009,ME001,2023-06-29,1.49
1130,OFF001,user010,ME001,2023-06-29,1.44
1131,OFF001,user001,ME001,2023-06-29,1.56
1132,OFF001,user002,ME001,2023-06-29,1.42
1133,OFF001,user003,ME001,2023-06-29,1.17
1134,OFF001,user004,ME001,2023-06-29,1.48
1135,OFF001,user005,ME001,2023-06-29,1.21
1136,OFF001,user006,ME001,2023-06-29,1.15
1137,OFF001,user007,ME001,2023-06-29,1.15
1138,OFF001,user008,ME001,2023-06-29,1.5
1139,OFF001,user009,ME001,2023-06-29,1.89
1140,OFF001,user010,ME001,2023-06-29,1.51
1141,OFF001,user001,ME001,2023-06-29,1.09
1142,OFF001,user002,ME001,2023-06-29,1.45
1143,OFF001,user003,ME001,2023-06-29,1.98
1144,OFF001,user004,ME001,2023-06-29,1.32
1145,OFF001,user005,ME001,2023-06-29,1.47
1146,OFF001,user006,ME001,2023-06-29,1.17
1147,OFF001,user007,ME001,2023-06-29,1.51
1148,OFF001,user008,ME001,2023-06-29,1.58
1149,OFF001,user009,ME001,2023-06-29,1.51
1150,OFF001,user010,ME001,2023-06-29,1.5
1151,OFF001,user001,ME001,2023-06-29,1.52
1152,OFF001,user002,ME001,2023-06-29,1.43
1153,OFF001,user003,ME001,2023-06-29,1.73
1154,OFF001,user004,ME001,2023-06-29,1.51
1155,OFF001,user005,ME001,2023-06-29,1.54
1156,OFF001,user006,ME001,2023-06-29,1.5
1157,OFF001,user007,ME001,2023-06-29,1.5
1158,OFF001,user008,ME001,2023-06-29,1.37
1159,OFF001,user009,ME001,2023-06-29,1.55
1160,OFF001,user010,ME001,2023-06-29,1.74
1161,OFF001,user001,ME001,2023-06-30,1.31
1162,OFF001,user002,ME001,2023-06-30,1.27
1163,OFF001,user003,ME001,2023-06-30,1.28
1164,OFF001,user004,ME001,2023-06-30,1.34
1165,OFF001,user005,ME001,2023-06-30,1.46
1166,OFF001,user006,ME001,2023-06-30,1.59
1167,OFF001,user007,ME001,2023-06-30,1.32
1168,OFF001,user008,ME001,2023-06-30,1.45
1169,OFF001,user009,ME001,2023-06-30,1.34
1170,OFF001,user010,ME001,2023-06-30,1.14
1171,OFF001,user001,ME001,2023-06-30,1.51
1172,OFF001,user002,ME001,2023-06-30,1.54
1173,OFF001,user003,ME001,2023-06-30,1.19
1174,OFF001,user004,ME001,2023-06-30,1.32
1175,OFF001,user005,ME001,2023-06-30,1.5
1176,OFF001,user006,ME001,2023-06-30,1.4
1177,OFF001,user007,ME001,2023-06-30,1.21
1178,OFF001,user008,ME001,2023-06-30,1.5
1179,OFF001,user009,ME001,2023-06-30,1.56
1180,OFF001,user010,ME001,2023-06-30,1.53
1181,OFF001,user001,ME001,2023-06-30,1.74
1182,OFF001,user002,ME001,2023-06-30,1.42
1183,OFF001,user003,ME001,2023-06-30,1.36
1184,OFF001,user004,ME001,2023-06-30,1.86
1185,OFF001,user005,ME001,2023-06-30,1.78
1186,OFF001,user006,ME001,2023-06-30,1.54
1187,OFF001,user007,ME001,2023-06-30,1.77
1188,OFF001,user008,ME001,2023-06-30,1.83
1189,OFF001,user009,ME001,2023-06-30,2
1190,OFF001,user010,ME001,2023-06-30,1.97
1191,OFF001,user001,ME001,2023-06-30,1.66
1192,OFF001,user002,ME001,2023-06-30,1.58
1193,OFF001,user003,ME001,2023-06-30,1.69
1194,OFF001,user004,ME001,2023-06-30,1.84
1195,OFF001,user005,ME001,2023-06-30,1.72
1196,OFF001,user006,ME001,2023-06-30,1.71
1197,OFF001,user007,ME001,2023-06-30,1.45
1198,OFF001,user008,ME001,2023-06-30,1.66
1199,OFF001,user009,ME001,2023-06-30,1.77
1200,OFF001,user010,ME001,2023-06-30,1.54
