no_id,office_id,member_id,managed_entity_id,water_date,water_usage,water_predict_usage
1,OFF001,user001,ME001,2023-06-01,31,
2,OFF001,user002,ME001,2023-06-01,56,
3,OFF001,user003,ME001,2023-06-01,29,
4,OFF001,user004,ME001,2023-06-01,19,
5,OFF001,user005,ME001,2023-06-01,45,
6,OFF001,user006,ME001,2023-06-01,40,
7,OFF001,user007,ME001,2023-06-01,80,
8,OFF001,user008,ME001,2023-06-01,42,
9,OFF001,user009,ME001,2023-06-01,50,
10,OFF001,user010,ME001,2023-06-01,61,
11,OFF001,user001,ME001,2023-06-01,123,
12,OFF001,user002,ME001,2023-06-01,214,
13,OFF001,user003,ME001,2023-06-01,184,
14,OFF001,user004,ME001,2023-06-01,179,
15,OFF001,user005,ME001,2023-06-01,247,
16,OFF001,user006,ME001,2023-06-01,216,
17,OFF001,user007,ME001,2023-06-01,308,
18,OFF001,user008,ME001,2023-06-01,302,
19,OFF001,user009,ME001,2023-06-01,155,
20,OFF001,user010,ME001,2023-06-01,119,
21,OFF001,user001,ME001,2023-06-01,212,
22,OFF001,user002,ME001,2023-06-01,283,
23,OFF001,user003,ME001,2023-06-01,159,
24,OFF001,user004,ME001,2023-06-01,83,
25,OFF001,user005,ME001,2023-06-01,53,
26,OFF001,user006,ME001,2023-06-01,54,
27,OFF001,user007,ME001,2023-06-01,172,
28,OFF001,user008,ME001,2023-06-01,183,
29,OFF001,user009,ME001,2023-06-01,212,
30,OFF001,user010,ME001,2023-06-01,216,
31,OFF001,user001,ME001,2023-06-01,400,
32,OFF001,user002,ME001,2023-06-01,102,
33,OFF001,user003,ME001,2023-06-01,34,
34,OFF001,user004,ME001,2023-06-01,54,
35,OFF001,user005,ME001,2023-06-01,168,
36,OFF001,user006,ME001,2023-06-01,286,
37,OFF001,user007,ME001,2023-06-01,138,
38,OFF001,user008,ME001,2023-06-01,51,
39,OFF001,user009,ME001,2023-06-01,133,
40,OFF001,user010,ME001,2023-06-01,350,
41,OFF001,user001,ME001,2023-06-02,44,
42,OFF001,user002,ME001,2023-06-02,17,
43,OFF001,user003,ME001,2023-06-02,59,
44,OFF001,user004,ME001,2023-06-02,52,
45,OFF001,user005,ME001,2023-06-02,112,
46,OFF001,user006,ME001,2023-06-02,86,
47,OFF001,user007,ME001,2023-06-02,44,
48,OFF001,user008,ME001,2023-06-02,59,
49,OFF001,user009,ME001,2023-06-02,76,
50,OFF001,user010,ME001,2023-06-02,40,
51,OFF001,user001,ME001,2023-06-02,196,
52,OFF001,user002,ME001,2023-06-02,79,
53,OFF001,user003,ME001,2023-06-02,59,
54,OFF001,user004,ME001,2023-06-02,138,
55,OFF001,user005,ME001,2023-06-02,201,
56,OFF001,user006,ME001,2023-06-02,212,
57,OFF001,user007,ME001,2023-06-02,400,
58,OFF001,user008,ME001,2023-06-02,311,
59,OFF001,user009,ME001,2023-06-02,167,
60,OFF001,user010,ME001,2023-06-02,182,
61,OFF001,user001,ME001,2023-06-02,184,
62,OFF001,user002,ME001,2023-06-02,33,
63,OFF001,user003,ME001,2023-06-02,59,
64,OFF001,user004,ME001,2023-06-02,135,
65,OFF001,user005,ME001,2023-06-02,98,
66,OFF001,user006,ME001,2023-06-02,299,
67,OFF001,user007,ME001,2023-06-02,181,
68,OFF001,user008,ME001,2023-06-02,207,
69,OFF001,user009,ME001,2023-06-02,272,
70,OFF001,user010,ME001,2023-06-02,189,
71,OFF001,user001,ME001,2023-06-02,266,
72,OFF001,user002,ME001,2023-06-02,270,
73,OFF001,user003,ME001,2023-06-02,137,
74,OFF001,user004,ME001,2023-06-02,128,
75,OFF001,user005,ME001,2023-06-02,132,
76,OFF001,user006,ME001,2023-06-02,73,
77,OFF001,user007,ME001,2023-06-02,175,
78,OFF001,user008,ME001,2023-06-02,126,
79,OFF001,user009,ME001,2023-06-02,169,
80,OFF001,user010,ME001,2023-06-02,240,
81,OFF001,user001,ME001,2023-06-03,37,
82,OFF001,user002,ME001,2023-06-03,90,
83,OFF001,user003,ME001,2023-06-03,71,
84,OFF001,user004,ME001,2023-06-03,28,
85,OFF001,user005,ME001,2023-06-03,14,
86,OFF001,user006,ME001,2023-06-03,62,
87,OFF001,user007,ME001,2023-06-03,113,
88,OFF001,user008,ME001,2023-06-03,39,
89,OFF001,user009,ME001,2023-06-03,42,
90,OFF001,user010,ME001,2023-06-03,103,
91,OFF001,user001,ME001,2023-06-03,143,
92,OFF001,user002,ME001,2023-06-03,138,
93,OFF001,user003,ME001,2023-06-03,315,
94,OFF001,user004,ME001,2023-06-03,191,
95,OFF001,user005,ME001,2023-06-03,165,
96,OFF001,user006,ME001,2023-06-03,137,
97,OFF001,user007,ME001,2023-06-03,204,
98,OFF001,user008,ME001,2023-06-03,196,
99,OFF001,user009,ME001,2023-06-03,146,
100,OFF001,user010,ME001,2023-06-03,142,
101,OFF001,user001,ME001,2023-06-03,209,
102,OFF001,user002,ME001,2023-06-03,283,
103,OFF001,user003,ME001,2023-06-03,185,
104,OFF001,user004,ME001,2023-06-03,168,
105,OFF001,user005,ME001,2023-06-03,67,
106,OFF001,user006,ME001,2023-06-03,128,
107,OFF001,user007,ME001,2023-06-03,87,
108,OFF001,user008,ME001,2023-06-03,51,
109,OFF001,user009,ME001,2023-06-03,230,
110,OFF001,user010,ME001,2023-06-03,242,
111,OFF001,user001,ME001,2023-06-03,223,
112,OFF001,user002,ME001,2023-06-03,308,
113,OFF001,user003,ME001,2023-06-03,143,
114,OFF001,user004,ME001,2023-06-03,30,
115,OFF001,user005,ME001,2023-06-03,48,
116,OFF001,user006,ME001,2023-06-03,151,
117,OFF001,user007,ME001,2023-06-03,124,
118,OFF001,user008,ME001,2023-06-03,297,
119,OFF001,user009,ME001,2023-06-03,173,
120,OFF001,user010,ME001,2023-06-03,204,
121,OFF001,user001,ME001,2023-06-04,39,
122,OFF001,user002,ME001,2023-06-04,308,
123,OFF001,user003,ME001,2023-06-04,40,
124,OFF001,user004,ME001,2023-06-04,57,
125,OFF001,user005,ME001,2023-06-04,71,
126,OFF001,user006,ME001,2023-06-04,35,
127,OFF001,user007,ME001,2023-06-04,56,
128,OFF001,user008,ME001,2023-06-04,86,
129,OFF001,user009,ME001,2023-06-04,62,
130,OFF001,user010,ME001,2023-06-04,85,
131,OFF001,user001,ME001,2023-06-04,142,
132,OFF001,user002,ME001,2023-06-04,308,
133,OFF001,user003,ME001,2023-06-04,400,
134,OFF001,user004,ME001,2023-06-04,152,
135,OFF001,user005,ME001,2023-06-04,316,
136,OFF001,user006,ME001,2023-06-04,189,
137,OFF001,user007,ME001,2023-06-04,151,
138,OFF001,user008,ME001,2023-06-04,215,
139,OFF001,user009,ME001,2023-06-04,122,
140,OFF001,user010,ME001,2023-06-04,172,
141,OFF001,user001,ME001,2023-06-04,196,
142,OFF001,user002,ME001,2023-06-04,128,
143,OFF001,user003,ME001,2023-06-04,199,
144,OFF001,user004,ME001,2023-06-04,134,
145,OFF001,user005,ME001,2023-06-04,193,
146,OFF001,user006,ME001,2023-06-04,155,
147,OFF001,user007,ME001,2023-06-04,140,
148,OFF001,user008,ME001,2023-06-04,295,
149,OFF001,user009,ME001,2023-06-04,211,
150,OFF001,user010,ME001,2023-06-04,170,
151,OFF001,user001,ME001,2023-06-04,74,
152,OFF001,user002,ME001,2023-06-04,139,
153,OFF001,user003,ME001,2023-06-04,181,
154,OFF001,user004,ME001,2023-06-04,141,
155,OFF001,user005,ME001,2023-06-04,146,
156,OFF001,user006,ME001,2023-06-04,38,
157,OFF001,user007,ME001,2023-06-04,147,
158,OFF001,user008,ME001,2023-06-04,92,
159,OFF001,user009,ME001,2023-06-04,336,
160,OFF001,user010,ME001,2023-06-04,146,
161,OFF001,user001,ME001,2023-06-05,74,
162,OFF001,user002,ME001,2023-06-05,13,
163,OFF001,user003,ME001,2023-06-05,111,
164,OFF001,user004,ME001,2023-06-05,70,
165,OFF001,user005,ME001,2023-06-05,51,
166,OFF001,user006,ME001,2023-06-05,65,
167,OFF001,user007,ME001,2023-06-05,102,
168,OFF001,user008,ME001,2023-06-05,38,
169,OFF001,user009,ME001,2023-06-05,36,
170,OFF001,user010,ME001,2023-06-05,36,
171,OFF001,user001,ME001,2023-06-05,74,
172,OFF001,user002,ME001,2023-06-05,171,
173,OFF001,user003,ME001,2023-06-05,192,
174,OFF001,user004,ME001,2023-06-05,138,
175,OFF001,user005,ME001,2023-06-05,400,
176,OFF001,user006,ME001,2023-06-05,127,
177,OFF001,user007,ME001,2023-06-05,206,
178,OFF001,user008,ME001,2023-06-05,199,
179,OFF001,user009,ME001,2023-06-05,188,
180,OFF001,user010,ME001,2023-06-05,184,
181,OFF001,user001,ME001,2023-06-05,174,
182,OFF001,user002,ME001,2023-06-05,155,
183,OFF001,user003,ME001,2023-06-05,100,
184,OFF001,user004,ME001,2023-06-05,142,
185,OFF001,user005,ME001,2023-06-05,192,
186,OFF001,user006,ME001,2023-06-05,139,
187,OFF001,user007,ME001,2023-06-05,102,
188,OFF001,user008,ME001,2023-06-05,48,
189,OFF001,user009,ME001,2023-06-05,180,
190,OFF001,user010,ME001,2023-06-05,160,
191,OFF001,user001,ME001,2023-06-05,106,
192,OFF001,user002,ME001,2023-06-05,266,
193,OFF001,user003,ME001,2023-06-05,125,
194,OFF001,user004,ME001,2023-06-05,138,
195,OFF001,user005,ME001,2023-06-05,174,
196,OFF001,user006,ME001,2023-06-05,143,
197,OFF001,user007,ME001,2023-06-05,120,
198,OFF001,user008,ME001,2023-06-05,295,
199,OFF001,user009,ME001,2023-06-05,234,
200,OFF001,user010,ME001,2023-06-05,34,
201,OFF001,user001,ME001,2023-06-06,48,
202,OFF001,user002,ME001,2023-06-06,10,
203,OFF001,user003,ME001,2023-06-06,10,
204,OFF001,user004,ME001,2023-06-06,33,
205,OFF001,user005,ME001,2023-06-06,109,
206,OFF001,user006,ME001,2023-06-06,18,
207,OFF001,user007,ME001,2023-06-06,70,
208,OFF001,user008,ME001,2023-06-06,27,
209,OFF001,user009,ME001,2023-06-06,99,
210,OFF001,user010,ME001,2023-06-06,79,
211,OFF001,user001,ME001,2023-06-06,145,
212,OFF001,user002,ME001,2023-06-06,151,
213,OFF001,user003,ME001,2023-06-06,174,
214,OFF001,user004,ME001,2023-06-06,300,
215,OFF001,user005,ME001,2023-06-06,196,
216,OFF001,user006,ME001,2023-06-06,198,
217,OFF001,user007,ME001,2023-06-06,156,
218,OFF001,user008,ME001,2023-06-06,200,
219,OFF001,user009,ME001,2023-06-06,136,
220,OFF001,user010,ME001,2023-06-06,162,
221,OFF001,user001,ME001,2023-06-06,205,
222,OFF001,user002,ME001,2023-06-06,205,
223,OFF001,user003,ME001,2023-06-06,89,
224,OFF001,user004,ME001,2023-06-06,186,
225,OFF001,user005,ME001,2023-06-06,77,
226,OFF001,user006,ME001,2023-06-06,150,
227,OFF001,user007,ME001,2023-06-06,139,
228,OFF001,user008,ME001,2023-06-06,56,
229,OFF001,user009,ME001,2023-06-06,247,
230,OFF001,user010,ME001,2023-06-06,308,
231,OFF001,user001,ME001,2023-06-06,195,
232,OFF001,user002,ME001,2023-06-06,225,
233,OFF001,user003,ME001,2023-06-06,60,
234,OFF001,user004,ME001,2023-06-06,133,
235,OFF001,user005,ME001,2023-06-06,119,
236,OFF001,user006,ME001,2023-06-06,36,
237,OFF001,user007,ME001,2023-06-06,148,
238,OFF001,user008,ME001,2023-06-06,298,
239,OFF001,user009,ME001,2023-06-06,198,
240,OFF001,user010,ME001,2023-06-06,301,
241,OFF001,user001,ME001,2023-06-07,49,
242,OFF001,user002,ME001,2023-06-07,50,
243,OFF001,user003,ME001,2023-06-07,75,
244,OFF001,user004,ME001,2023-06-07,40,
245,OFF001,user005,ME001,2023-06-07,53,
246,OFF001,user006,ME001,2023-06-07,71,
247,OFF001,user007,ME001,2023-06-07,76,
248,OFF001,user008,ME001,2023-06-07,82,
249,OFF001,user009,ME001,2023-06-07,101,
250,OFF001,user010,ME001,2023-06-07,58,
251,OFF001,user001,ME001,2023-06-07,161,
252,OFF001,user002,ME001,2023-06-07,127,
253,OFF001,user003,ME001,2023-06-07,315,
254,OFF001,user004,ME001,2023-06-07,400,
255,OFF001,user005,ME001,2023-06-07,141,
256,OFF001,user006,ME001,2023-06-07,146,
257,OFF001,user007,ME001,2023-06-07,145,
258,OFF001,user008,ME001,2023-06-07,213,
259,OFF001,user009,ME001,2023-06-07,208,
260,OFF001,user010,ME001,2023-06-07,155,
261,OFF001,user001,ME001,2023-06-07,197,
262,OFF001,user002,ME001,2023-06-07,196,
263,OFF001,user003,ME001,2023-06-07,178,
264,OFF001,user004,ME001,2023-06-07,203,
265,OFF001,user005,ME001,2023-06-07,126,
266,OFF001,user006,ME001,2023-06-07,279,
267,OFF001,user007,ME001,2023-06-07,141,
268,OFF001,user008,ME001,2023-06-07,304,
269,OFF001,user009,ME001,2023-06-07,109,
270,OFF001,user010,ME001,2023-06-07,154,
271,OFF001,user001,ME001,2023-06-07,144,
272,OFF001,user002,ME001,2023-06-07,92,
273,OFF001,user003,ME001,2023-06-07,150,
274,OFF001,user004,ME001,2023-06-07,170,
275,OFF001,user005,ME001,2023-06-07,143,
276,OFF001,user006,ME001,2023-06-07,299,
277,OFF001,user007,ME001,2023-06-07,141,
278,OFF001,user008,ME001,2023-06-07,93,
279,OFF001,user009,ME001,2023-06-07,122,
280,OFF001,user010,ME001,2023-06-07,136,
281,OFF001,user001,ME001,2023-06-08,48,
282,OFF001,user002,ME001,2023-06-08,65,
283,OFF001,user003,ME001,2023-06-08,44,
284,OFF001,user004,ME001,2023-06-08,47,
285,OFF001,user005,ME001,2023-06-08,39,
286,OFF001,user006,ME001,2023-06-08,280,
287,OFF001,user007,ME001,2023-06-08,57,
288,OFF001,user008,ME001,2023-06-08,52,
289,OFF001,user009,ME001,2023-06-08,22,
290,OFF001,user010,ME001,2023-06-08,39,
291,OFF001,user001,ME001,2023-06-08,163,
292,OFF001,user002,ME001,2023-06-08,128,
293,OFF001,user003,ME001,2023-06-08,400,
294,OFF001,user004,ME001,2023-06-08,127,
295,OFF001,user005,ME001,2023-06-08,400,
296,OFF001,user006,ME001,2023-06-08,172,
297,OFF001,user007,ME001,2023-06-08,145,
298,OFF001,user008,ME001,2023-06-08,133,
299,OFF001,user009,ME001,2023-06-08,169,
300,OFF001,user010,ME001,2023-06-08,314,
301,OFF001,user001,ME001,2023-06-08,207,
302,OFF001,user002,ME001,2023-06-08,191,
303,OFF001,user003,ME001,2023-06-08,190,
304,OFF001,user004,ME001,2023-06-08,144,
305,OFF001,user005,ME001,2023-06-08,183,
306,OFF001,user006,ME001,2023-06-08,150,
307,OFF001,user007,ME001,2023-06-08,131,
308,OFF001,user008,ME001,2023-06-08,138,
309,OFF001,user009,ME001,2023-06-08,89,
310,OFF001,user010,ME001,2023-06-08,186,
311,OFF001,user001,ME001,2023-06-08,179,
312,OFF001,user002,ME001,2023-06-08,96,
313,OFF001,user003,ME001,2023-06-08,185,
314,OFF001,user004,ME001,2023-06-08,145,
315,OFF001,user005,ME001,2023-06-08,111,
316,OFF001,user006,ME001,2023-06-08,148,
317,OFF001,user007,ME001,2023-06-08,144,
318,OFF001,user008,ME001,2023-06-08,150,
319,OFF001,user009,ME001,2023-06-08,52,
320,OFF001,user010,ME001,2023-06-08,150,
321,OFF001,user001,ME001,2023-06-09,40,
322,OFF001,user002,ME001,2023-06-09,46,
323,OFF001,user003,ME001,2023-06-09,112,
324,OFF001,user004,ME001,2023-06-09,45,
325,OFF001,user005,ME001,2023-06-09,111,
326,OFF001,user006,ME001,2023-06-09,10,
327,OFF001,user007,ME001,2023-06-09,28,
328,OFF001,user008,ME001,2023-06-09,24,
329,OFF001,user009,ME001,2023-06-09,68,
330,OFF001,user010,ME001,2023-06-09,47,
331,OFF001,user001,ME001,2023-06-09,163,
332,OFF001,user002,ME001,2023-06-09,135,
333,OFF001,user003,ME001,2023-06-09,205,
334,OFF001,user004,ME001,2023-06-09,181,
335,OFF001,user005,ME001,2023-06-09,111,
336,OFF001,user006,ME001,2023-06-09,180,
337,OFF001,user007,ME001,2023-06-09,320,
338,OFF001,user008,ME001,2023-06-09,186,
339,OFF001,user009,ME001,2023-06-09,319,
340,OFF001,user010,ME001,2023-06-09,400,
341,OFF001,user001,ME001,2023-06-09,231,
342,OFF001,user002,ME001,2023-06-09,216,
343,OFF001,user003,ME001,2023-06-09,84,
344,OFF001,user004,ME001,2023-06-09,152,
345,OFF001,user005,ME001,2023-06-09,101,
346,OFF001,user006,ME001,2023-06-09,177,
347,OFF001,user007,ME001,2023-06-09,176,
348,OFF001,user008,ME001,2023-06-09,158,
349,OFF001,user009,ME001,2023-06-09,184,
350,OFF001,user010,ME001,2023-06-09,188,
351,OFF001,user001,ME001,2023-06-09,156,
352,OFF001,user002,ME001,2023-06-09,256,
353,OFF001,user003,ME001,2023-06-09,115,
354,OFF001,user004,ME001,2023-06-09,50,
355,OFF001,user005,ME001,2023-06-09,119,
356,OFF001,user006,ME001,2023-06-09,255,
357,OFF001,user007,ME001,2023-06-09,137,
358,OFF001,user008,ME001,2023-06-09,37,
359,OFF001,user009,ME001,2023-06-09,155,
360,OFF001,user010,ME001,2023-06-09,170,
361,OFF001,user001,ME001,2023-06-10,27,
362,OFF001,user002,ME001,2023-06-10,48,
363,OFF001,user003,ME001,2023-06-10,61,
364,OFF001,user004,ME001,2023-06-10,54,
365,OFF001,user005,ME001,2023-06-10,65,
366,OFF001,user006,ME001,2023-06-10,12,
367,OFF001,user007,ME001,2023-06-10,50,
368,OFF001,user008,ME001,2023-06-10,47,
369,OFF001,user009,ME001,2023-06-10,54,
370,OFF001,user010,ME001,2023-06-10,53,
371,OFF001,user001,ME001,2023-06-10,124,
372,OFF001,user002,ME001,2023-06-10,163,
373,OFF001,user003,ME001,2023-06-10,155,
374,OFF001,user004,ME001,2023-06-10,120,
375,OFF001,user005,ME001,2023-06-10,144,
376,OFF001,user006,ME001,2023-06-10,148,
377,OFF001,user007,ME001,2023-06-10,400,
378,OFF001,user008,ME001,2023-06-10,131,
379,OFF001,user009,ME001,2023-06-10,400,
380,OFF001,user010,ME001,2023-06-10,136,
381,OFF001,user001,ME001,2023-06-10,220,
382,OFF001,user002,ME001,2023-06-10,204,
383,OFF001,user003,ME001,2023-06-10,145,
384,OFF001,user004,ME001,2023-06-10,138,
385,OFF001,user005,ME001,2023-06-10,138,
386,OFF001,user006,ME001,2023-06-10,208,
387,OFF001,user007,ME001,2023-06-10,197,
388,OFF001,user008,ME001,2023-06-10,132,
389,OFF001,user009,ME001,2023-06-10,189,
390,OFF001,user010,ME001,2023-06-10,122,
391,OFF001,user001,ME001,2023-06-10,349,
392,OFF001,user002,ME001,2023-06-10,145,
393,OFF001,user003,ME001,2023-06-10,143,
394,OFF001,user004,ME001,2023-06-10,129,
395,OFF001,user005,ME001,2023-06-10,139,
396,OFF001,user006,ME001,2023-06-10,227,
397,OFF001,user007,ME001,2023-06-10,172,
398,OFF001,user008,ME001,2023-06-10,137,
399,OFF001,user009,ME001,2023-06-10,177,
400,OFF001,user010,ME001,2023-06-10,152,
401,OFF001,user001,ME001,2023-06-11,44,
402,OFF001,user002,ME001,2023-06-11,47,
403,OFF001,user003,ME001,2023-06-11,61,
404,OFF001,user004,ME001,2023-06-11,26,
405,OFF001,user005,ME001,2023-06-11,121,
406,OFF001,user006,ME001,2023-06-11,50,
407,OFF001,user007,ME001,2023-06-11,26,
408,OFF001,user008,ME001,2023-06-11,32,
409,OFF001,user009,ME001,2023-06-11,103,
410,OFF001,user010,ME001,2023-06-11,31,
411,OFF001,user001,ME001,2023-06-11,178,
412,OFF001,user002,ME001,2023-06-11,129,
413,OFF001,user003,ME001,2023-06-11,167,
414,OFF001,user004,ME001,2023-06-11,192,
415,OFF001,user005,ME001,2023-06-11,187,
416,OFF001,user006,ME001,2023-06-11,143,
417,OFF001,user007,ME001,2023-06-11,200,
418,OFF001,user008,ME001,2023-06-11,175,
419,OFF001,user009,ME001,2023-06-11,200,
420,OFF001,user010,ME001,2023-06-11,185,
421,OFF001,user001,ME001,2023-06-11,200,
422,OFF001,user002,ME001,2023-06-11,144,
423,OFF001,user003,ME001,2023-06-11,215,
424,OFF001,user004,ME001,2023-06-11,142,
425,OFF001,user005,ME001,2023-06-11,89,
426,OFF001,user006,ME001,2023-06-11,184,
427,OFF001,user007,ME001,2023-06-11,72,
428,OFF001,user008,ME001,2023-06-11,139,
429,OFF001,user009,ME001,2023-06-11,86,
430,OFF001,user010,ME001,2023-06-11,145,
431,OFF001,user001,ME001,2023-06-11,247,
432,OFF001,user002,ME001,2023-06-11,104,
433,OFF001,user003,ME001,2023-06-11,135,
434,OFF001,user004,ME001,2023-06-11,30,
435,OFF001,user005,ME001,2023-06-11,109,
436,OFF001,user006,ME001,2023-06-11,76,
437,OFF001,user007,ME001,2023-06-11,288,
438,OFF001,user008,ME001,2023-06-11,37,
439,OFF001,user009,ME001,2023-06-11,139,
440,OFF001,user010,ME001,2023-06-11,45,
441,OFF001,user001,ME001,2023-06-12,68,
442,OFF001,user002,ME001,2023-06-12,73,
443,OFF001,user003,ME001,2023-06-12,53,
444,OFF001,user004,ME001,2023-06-12,69,
445,OFF001,user005,ME001,2023-06-12,64,
446,OFF001,user006,ME001,2023-06-12,71,
447,OFF001,user007,ME001,2023-06-12,48,
448,OFF001,user008,ME001,2023-06-12,55,
449,OFF001,user009,ME001,2023-06-12,63,
450,OFF001,user010,ME001,2023-06-12,54,
451,OFF001,user001,ME001,2023-06-12,141,
452,OFF001,user002,ME001,2023-06-12,152,
453,OFF001,user003,ME001,2023-06-12,180,
454,OFF001,user004,ME001,2023-06-12,157,
455,OFF001,user005,ME001,2023-06-12,148,
456,OFF001,user006,ME001,2023-06-12,144,
457,OFF001,user007,ME001,2023-06-12,198,
458,OFF001,user008,ME001,2023-06-12,255,
459,OFF001,user009,ME001,2023-06-12,150,
460,OFF001,user010,ME001,2023-06-12,139,
461,OFF001,user001,ME001,2023-06-12,267,
462,OFF001,user002,ME001,2023-06-12,206,
463,OFF001,user003,ME001,2023-06-12,202,
464,OFF001,user004,ME001,2023-06-12,287,
465,OFF001,user005,ME001,2023-06-12,130,
466,OFF001,user006,ME001,2023-06-12,195,
467,OFF001,user007,ME001,2023-06-12,49,
468,OFF001,user008,ME001,2023-06-12,60,
469,OFF001,user009,ME001,2023-06-12,143,
470,OFF001,user010,ME001,2023-06-12,131,
471,OFF001,user001,ME001,2023-06-12,190,
472,OFF001,user002,ME001,2023-06-12,148,
473,OFF001,user003,ME001,2023-06-12,173,
474,OFF001,user004,ME001,2023-06-12,299,
475,OFF001,user005,ME001,2023-06-12,135,
476,OFF001,user006,ME001,2023-06-12,103,
477,OFF001,user007,ME001,2023-06-12,289,
478,OFF001,user008,ME001,2023-06-12,170,
479,OFF001,user009,ME001,2023-06-12,145,
480,OFF001,user010,ME001,2023-06-12,128,
481,OFF001,user001,ME001,2023-06-13,37,
482,OFF001,user002,ME001,2023-06-13,61,
483,OFF001,user003,ME001,2023-06-13,32,
484,OFF001,user004,ME001,2023-06-13,282,
485,OFF001,user005,ME001,2023-06-13,296,
486,OFF001,user006,ME001,2023-06-13,52,
487,OFF001,user007,ME001,2023-06-13,71,
488,OFF001,user008,ME001,2023-06-13,108,
489,OFF001,user009,ME001,2023-06-13,28,
490,OFF001,user010,ME001,2023-06-13,74,
491,OFF001,user001,ME001,2023-06-13,166,
492,OFF001,user002,ME001,2023-06-13,144,
493,OFF001,user003,ME001,2023-06-13,149,
494,OFF001,user004,ME001,2023-06-13,150,
495,OFF001,user005,ME001,2023-06-13,163,
496,OFF001,user006,ME001,2023-06-13,140,
497,OFF001,user007,ME001,2023-06-13,224,
498,OFF001,user008,ME001,2023-06-13,191,
499,OFF001,user009,ME001,2023-06-13,117,
500,OFF001,user010,ME001,2023-06-13,160,
501,OFF001,user001,ME001,2023-06-13,163,
502,OFF001,user002,ME001,2023-06-13,191,
503,OFF001,user003,ME001,2023-06-13,243,
504,OFF001,user004,ME001,2023-06-13,140,
505,OFF001,user005,ME001,2023-06-13,132,
506,OFF001,user006,ME001,2023-06-13,218,
507,OFF001,user007,ME001,2023-06-13,311,
508,OFF001,user008,ME001,2023-06-13,88,
509,OFF001,user009,ME001,2023-06-13,155,
510,OFF001,user010,ME001,2023-06-13,165,
511,OFF001,user001,ME001,2023-06-13,150,
512,OFF001,user002,ME001,2023-06-13,81,
513,OFF001,user003,ME001,2023-06-13,163,
514,OFF001,user004,ME001,2023-06-13,153,
515,OFF001,user005,ME001,2023-06-13,155,
516,OFF001,user006,ME001,2023-06-13,248,
517,OFF001,user007,ME001,2023-06-13,84,
518,OFF001,user008,ME001,2023-06-13,119,
519,OFF001,user009,ME001,2023-06-13,124,
520,OFF001,user010,ME001,2023-06-13,141,
521,OFF001,user001,ME001,2023-06-14,55,
522,OFF001,user002,ME001,2023-06-14,32,
523,OFF001,user003,ME001,2023-06-14,44,
524,OFF001,user004,ME001,2023-06-14,10,
525,OFF001,user005,ME001,2023-06-14,10,
526,OFF001,user006,ME001,2023-06-14,46,
527,OFF001,user007,ME001,2023-06-14,66,
528,OFF001,user008,ME001,2023-06-14,27,
529,OFF001,user009,ME001,2023-06-14,66,
530,OFF001,user010,ME001,2023-06-14,71,
531,OFF001,user001,ME001,2023-06-14,218,
532,OFF001,user002,ME001,2023-06-14,136,
533,OFF001,user003,ME001,2023-06-14,131,
534,OFF001,user004,ME001,2023-06-14,183,
535,OFF001,user005,ME001,2023-06-14,182,
536,OFF001,user006,ME001,2023-06-14,164,
537,OFF001,user007,ME001,2023-06-14,132,
538,OFF001,user008,ME001,2023-06-14,172,
539,OFF001,user009,ME001,2023-06-14,130,
540,OFF001,user010,ME001,2023-06-14,216,
541,OFF001,user001,ME001,2023-06-14,284,
542,OFF001,user002,ME001,2023-06-14,220,
543,OFF001,user003,ME001,2023-06-14,221,
544,OFF001,user004,ME001,2023-06-14,187,
545,OFF001,user005,ME001,2023-06-14,177,
546,OFF001,user006,ME001,2023-06-14,216,
547,OFF001,user007,ME001,2023-06-14,134,
548,OFF001,user008,ME001,2023-06-14,101,
549,OFF001,user009,ME001,2023-06-14,215,
550,OFF001,user010,ME001,2023-06-14,293,
551,OFF001,user001,ME001,2023-06-14,107,
552,OFF001,user002,ME001,2023-06-14,240,
553,OFF001,user003,ME001,2023-06-14,344,
554,OFF001,user004,ME001,2023-06-14,267,
555,OFF001,user005,ME001,2023-06-14,265,
556,OFF001,user006,ME001,2023-06-14,144,
557,OFF001,user007,ME001,2023-06-14,128,
558,OFF001,user008,ME001,2023-06-14,42,
559,OFF001,user009,ME001,2023-06-14,330,
560,OFF001,user010,ME001,2023-06-14,97,
561,OFF001,user001,ME001,2023-06-15,22,
562,OFF001,user002,ME001,2023-06-15,47,
563,OFF001,user003,ME001,2023-06-15,51,
564,OFF001,user004,ME001,2023-06-15,10,
565,OFF001,user005,ME001,2023-06-15,13,
566,OFF001,user006,ME001,2023-06-15,48,
567,OFF001,user007,ME001,2023-06-15,28,
568,OFF001,user008,ME001,2023-06-15,72,
569,OFF001,user009,ME001,2023-06-15,64,
570,OFF001,user010,ME001,2023-06-15,10,
571,OFF001,user001,ME001,2023-06-15,112,
572,OFF001,user002,ME001,2023-06-15,158,
573,OFF001,user003,ME001,2023-06-15,176,
574,OFF001,user004,ME001,2023-06-15,157,
575,OFF001,user005,ME001,2023-06-15,151,
576,OFF001,user006,ME001,2023-06-15,120,
577,OFF001,user007,ME001,2023-06-15,186,
578,OFF001,user008,ME001,2023-06-15,320,
579,OFF001,user009,ME001,2023-06-15,186,
580,OFF001,user010,ME001,2023-06-15,70,
581,OFF001,user001,ME001,2023-06-15,208,
582,OFF001,user002,ME001,2023-06-15,218,
583,OFF001,user003,ME001,2023-06-15,197,
584,OFF001,user004,ME001,2023-06-15,195,
585,OFF001,user005,ME001,2023-06-15,213,
586,OFF001,user006,ME001,2023-06-15,151,
587,OFF001,user007,ME001,2023-06-15,161,
588,OFF001,user008,ME001,2023-06-15,177,
589,OFF001,user009,ME001,2023-06-15,194,
590,OFF001,user010,ME001,2023-06-15,39,
591,OFF001,user001,ME001,2023-06-15,400,
592,OFF001,user002,ME001,2023-06-15,147,
593,OFF001,user003,ME001,2023-06-15,231,
594,OFF001,user004,ME001,2023-06-15,212,
595,OFF001,user005,ME001,2023-06-15,218,
596,OFF001,user006,ME001,2023-06-15,102,
597,OFF001,user007,ME001,2023-06-15,37,
598,OFF001,user008,ME001,2023-06-15,140,
599,OFF001,user009,ME001,2023-06-15,235,
600,OFF001,user010,ME001,2023-06-15,269,
601,OFF001,user001,ME001,2023-06-16,28,
602,OFF001,user002,ME001,2023-06-16,45,
603,OFF001,user003,ME001,2023-06-16,56,
604,OFF001,user004,ME001,2023-06-16,55,
605,OFF001,user005,ME001,2023-06-16,63,
606,OFF001,user006,ME001,2023-06-16,91,
607,OFF001,user007,ME001,2023-06-16,59,
608,OFF001,user008,ME001,2023-06-16,22,
609,OFF001,user009,ME001,2023-06-16,58,
610,OFF001,user010,ME001,2023-06-16,81,
611,OFF001,user001,ME001,2023-06-16,195,
612,OFF001,user002,ME001,2023-06-16,120,
613,OFF001,user003,ME001,2023-06-16,159,
614,OFF001,user004,ME001,2023-06-16,137,
615,OFF001,user005,ME001,2023-06-16,132,
616,OFF001,user006,ME001,2023-06-16,158,
617,OFF001,user007,ME001,2023-06-16,137,
618,OFF001,user008,ME001,2023-06-16,400,
619,OFF001,user009,ME001,2023-06-16,131,
620,OFF001,user010,ME001,2023-06-16,149,
621,OFF001,user001,ME001,2023-06-16,190,
622,OFF001,user002,ME001,2023-06-16,151,
623,OFF001,user003,ME001,2023-06-16,249,
624,OFF001,user004,ME001,2023-06-16,194,
625,OFF001,user005,ME001,2023-06-16,203,
626,OFF001,user006,ME001,2023-06-16,210,
627,OFF001,user007,ME001,2023-06-16,138,
628,OFF001,user008,ME001,2023-06-16,184,
629,OFF001,user009,ME001,2023-06-16,257,
630,OFF001,user010,ME001,2023-06-16,296,
631,OFF001,user001,ME001,2023-06-16,268,
632,OFF001,user002,ME001,2023-06-16,120,
633,OFF001,user003,ME001,2023-06-16,196,
634,OFF001,user004,ME001,2023-06-16,96,
635,OFF001,user005,ME001,2023-06-16,76,
636,OFF001,user006,ME001,2023-06-16,141,
637,OFF001,user007,ME001,2023-06-16,139,
638,OFF001,user008,ME001,2023-06-16,165,
639,OFF001,user009,ME001,2023-06-16,198,
640,OFF001,user010,ME001,2023-06-16,304,
641,OFF001,user001,ME001,2023-06-17,30,
642,OFF001,user002,ME001,2023-06-17,61,
643,OFF001,user003,ME001,2023-06-17,49,
644,OFF001,user004,ME001,2023-06-17,71,
645,OFF001,user005,ME001,2023-06-17,74,
646,OFF001,user006,ME001,2023-06-17,65,
647,OFF001,user007,ME001,2023-06-17,46,
648,OFF001,user008,ME001,2023-06-17,102,
649,OFF001,user009,ME001,2023-06-17,91,
650,OFF001,user010,ME001,2023-06-17,280,
651,OFF001,user001,ME001,2023-06-17,136,
652,OFF001,user002,ME001,2023-06-17,118,
653,OFF001,user003,ME001,2023-06-17,163,
654,OFF001,user004,ME001,2023-06-17,145,
655,OFF001,user005,ME001,2023-06-17,156,
656,OFF001,user006,ME001,2023-06-17,151,
657,OFF001,user007,ME001,2023-06-17,122,
658,OFF001,user008,ME001,2023-06-17,197,
659,OFF001,user009,ME001,2023-06-17,156,
660,OFF001,user010,ME001,2023-06-17,155,
661,OFF001,user001,ME001,2023-06-17,206,
662,OFF001,user002,ME001,2023-06-17,210,
663,OFF001,user003,ME001,2023-06-17,171,
664,OFF001,user004,ME001,2023-06-17,195,
665,OFF001,user005,ME001,2023-06-17,182,
666,OFF001,user006,ME001,2023-06-17,190,
667,OFF001,user007,ME001,2023-06-17,222,
668,OFF001,user008,ME001,2023-06-17,92,
669,OFF001,user009,ME001,2023-06-17,166,
670,OFF001,user010,ME001,2023-06-17,142,
671,OFF001,user001,ME001,2023-06-17,203,
672,OFF001,user002,ME001,2023-06-17,349,
673,OFF001,user003,ME001,2023-06-17,141,
674,OFF001,user004,ME001,2023-06-17,93,
675,OFF001,user005,ME001,2023-06-17,91,
676,OFF001,user006,ME001,2023-06-17,97,
677,OFF001,user007,ME001,2023-06-17,349,
678,OFF001,user008,ME001,2023-06-17,112,
679,OFF001,user009,ME001,2023-06-17,141,
680,OFF001,user010,ME001,2023-06-17,146,
681,OFF001,user001,ME001,2023-06-18,48,
682,OFF001,user002,ME001,2023-06-18,61,
683,OFF001,user003,ME001,2023-06-18,51,
684,OFF001,user004,ME001,2023-06-18,44,
685,OFF001,user005,ME001,2023-06-18,53,
686,OFF001,user006,ME001,2023-06-18,50,
687,OFF001,user007,ME001,2023-06-18,36,
688,OFF001,user008,ME001,2023-06-18,57,
689,OFF001,user009,ME001,2023-06-18,105,
690,OFF001,user010,ME001,2023-06-18,10,
691,OFF001,user001,ME001,2023-06-18,139,
692,OFF001,user002,ME001,2023-06-18,183,
693,OFF001,user003,ME001,2023-06-18,233,
694,OFF001,user004,ME001,2023-06-18,146,
695,OFF001,user005,ME001,2023-06-18,144,
696,OFF001,user006,ME001,2023-06-18,138,
697,OFF001,user007,ME001,2023-06-18,190,
698,OFF001,user008,ME001,2023-06-18,164,
699,OFF001,user009,ME001,2023-06-18,220,
700,OFF001,user010,ME001,2023-06-18,187,
701,OFF001,user001,ME001,2023-06-18,189,
702,OFF001,user002,ME001,2023-06-18,202,
703,OFF001,user003,ME001,2023-06-18,295,
704,OFF001,user004,ME001,2023-06-18,223,
705,OFF001,user005,ME001,2023-06-18,217,
706,OFF001,user006,ME001,2023-06-18,219,
707,OFF001,user007,ME001,2023-06-18,185,
708,OFF001,user008,ME001,2023-06-18,142,
709,OFF001,user009,ME001,2023-06-18,293,
710,OFF001,user010,ME001,2023-06-18,179,
711,OFF001,user001,ME001,2023-06-18,98,
712,OFF001,user002,ME001,2023-06-18,228,
713,OFF001,user003,ME001,2023-06-18,101,
714,OFF001,user004,ME001,2023-06-18,243,
715,OFF001,user005,ME001,2023-06-18,245,
716,OFF001,user006,ME001,2023-06-18,260,
717,OFF001,user007,ME001,2023-06-18,226,
718,OFF001,user008,ME001,2023-06-18,133,
719,OFF001,user009,ME001,2023-06-18,107,
720,OFF001,user010,ME001,2023-06-18,270,
721,OFF001,user001,ME001,2023-06-19,47,
722,OFF001,user002,ME001,2023-06-19,59,
723,OFF001,user003,ME001,2023-06-19,29,
724,OFF001,user004,ME001,2023-06-19,56,
725,OFF001,user005,ME001,2023-06-19,62,
726,OFF001,user006,ME001,2023-06-19,55,
727,OFF001,user007,ME001,2023-06-19,96,
728,OFF001,user008,ME001,2023-06-19,39,
729,OFF001,user009,ME001,2023-06-19,44,
730,OFF001,user010,ME001,2023-06-19,21,
731,OFF001,user001,ME001,2023-06-19,146,
732,OFF001,user002,ME001,2023-06-19,146,
733,OFF001,user003,ME001,2023-06-19,124,
734,OFF001,user004,ME001,2023-06-19,150,
735,OFF001,user005,ME001,2023-06-19,148,
736,OFF001,user006,ME001,2023-06-19,159,
737,OFF001,user007,ME001,2023-06-19,151,
738,OFF001,user008,ME001,2023-06-19,400,
739,OFF001,user009,ME001,2023-06-19,134,
740,OFF001,user010,ME001,2023-06-19,156,
741,OFF001,user001,ME001,2023-06-19,195,
742,OFF001,user002,ME001,2023-06-19,261,
743,OFF001,user003,ME001,2023-06-19,211,
744,OFF001,user004,ME001,2023-06-19,204,
745,OFF001,user005,ME001,2023-06-19,205,
746,OFF001,user006,ME001,2023-06-19,205,
747,OFF001,user007,ME001,2023-06-19,258,
748,OFF001,user008,ME001,2023-06-19,190,
749,OFF001,user009,ME001,2023-06-19,213,
750,OFF001,user010,ME001,2023-06-19,210,
751,OFF001,user001,ME001,2023-06-19,98,
752,OFF001,user002,ME001,2023-06-19,194,
753,OFF001,user003,ME001,2023-06-19,400,
754,OFF001,user004,ME001,2023-06-19,160,
755,OFF001,user005,ME001,2023-06-19,157,
756,OFF001,user006,ME001,2023-06-19,147,
757,OFF001,user007,ME001,2023-06-19,201,
758,OFF001,user008,ME001,2023-06-19,176,
759,OFF001,user009,ME001,2023-06-19,400,
760,OFF001,user010,ME001,2023-06-19,217,
761,OFF001,user001,ME001,2023-06-20,29,
762,OFF001,user002,ME001,2023-06-20,94,
763,OFF001,user003,ME001,2023-06-20,40,
764,OFF001,user004,ME001,2023-06-20,32,
765,OFF001,user005,ME001,2023-06-20,42,
766,OFF001,user006,ME001,2023-06-20,46,
767,OFF001,user007,ME001,2023-06-20,91,
768,OFF001,user008,ME001,2023-06-20,107,
769,OFF001,user009,ME001,2023-06-20,78,
770,OFF001,user010,ME001,2023-06-20,58,
771,OFF001,user001,ME001,2023-06-20,150,
772,OFF001,user002,ME001,2023-06-20,173,
773,OFF001,user003,ME001,2023-06-20,193,
774,OFF001,user004,ME001,2023-06-20,125,
775,OFF001,user005,ME001,2023-06-20,112,
776,OFF001,user006,ME001,2023-06-20,106,
777,OFF001,user007,ME001,2023-06-20,151,
778,OFF001,user008,ME001,2023-06-20,197,
779,OFF001,user009,ME001,2023-06-20,176,
780,OFF001,user010,ME001,2023-06-20,148,
781,OFF001,user001,ME001,2023-06-20,209,
782,OFF001,user002,ME001,2023-06-20,166,
783,OFF001,user003,ME001,2023-06-20,178,
784,OFF001,user004,ME001,2023-06-20,159,
785,OFF001,user005,ME001,2023-06-20,134,
786,OFF001,user006,ME001,2023-06-20,142,
787,OFF001,user007,ME001,2023-06-20,165,
788,OFF001,user008,ME001,2023-06-20,90,
789,OFF001,user009,ME001,2023-06-20,198,
790,OFF001,user010,ME001,2023-06-20,181,
791,OFF001,user001,ME001,2023-06-20,251,
792,OFF001,user002,ME001,2023-06-20,132,
793,OFF001,user003,ME001,2023-06-20,263,
794,OFF001,user004,ME001,2023-06-20,115,
795,OFF001,user005,ME001,2023-06-20,103,
796,OFF001,user006,ME001,2023-06-20,115,
797,OFF001,user007,ME001,2023-06-20,156,
798,OFF001,user008,ME001,2023-06-20,123,
799,OFF001,user009,ME001,2023-06-20,260,
800,OFF001,user010,ME001,2023-06-20,96,
801,OFF001,user001,ME001,2023-06-21,62,
802,OFF001,user002,ME001,2023-06-21,112,
803,OFF001,user003,ME001,2023-06-21,47,
804,OFF001,user004,ME001,2023-06-21,86,
805,OFF001,user005,ME001,2023-06-21,86,
806,OFF001,user006,ME001,2023-06-21,37,
807,OFF001,user007,ME001,2023-06-21,67,
808,OFF001,user008,ME001,2023-06-21,61,
809,OFF001,user009,ME001,2023-06-21,29,
810,OFF001,user010,ME001,2023-06-21,85,
811,OFF001,user001,ME001,2023-06-21,157,
812,OFF001,user002,ME001,2023-06-21,217,
813,OFF001,user003,ME001,2023-06-21,154,
814,OFF001,user004,ME001,2023-06-21,165,
815,OFF001,user005,ME001,2023-06-21,155,
816,OFF001,user006,ME001,2023-06-21,124,
817,OFF001,user007,ME001,2023-06-21,217,
818,OFF001,user008,ME001,2023-06-21,149,
819,OFF001,user009,ME001,2023-06-21,149,
820,OFF001,user010,ME001,2023-06-21,192,
821,OFF001,user001,ME001,2023-06-21,211,
822,OFF001,user002,ME001,2023-06-21,294,
823,OFF001,user003,ME001,2023-06-21,199,
824,OFF001,user004,ME001,2023-06-21,204,
825,OFF001,user005,ME001,2023-06-21,210,
826,OFF001,user006,ME001,2023-06-21,210,
827,OFF001,user007,ME001,2023-06-21,301,
828,OFF001,user008,ME001,2023-06-21,148,
829,OFF001,user009,ME001,2023-06-21,220,
830,OFF001,user010,ME001,2023-06-21,176,
831,OFF001,user001,ME001,2023-06-21,155,
832,OFF001,user002,ME001,2023-06-21,110,
833,OFF001,user003,ME001,2023-06-21,211,
834,OFF001,user004,ME001,2023-06-21,145,
835,OFF001,user005,ME001,2023-06-21,142,
836,OFF001,user006,ME001,2023-06-21,349,
837,OFF001,user007,ME001,2023-06-21,101,
838,OFF001,user008,ME001,2023-06-21,145,
839,OFF001,user009,ME001,2023-06-21,224,
840,OFF001,user010,ME001,2023-06-21,265,
841,OFF001,user001,ME001,2023-06-22,64,
842,OFF001,user002,ME001,2023-06-22,41,
843,OFF001,user003,ME001,2023-06-22,45,
844,OFF001,user004,ME001,2023-06-22,63,
845,OFF001,user005,ME001,2023-06-22,52,
846,OFF001,user006,ME001,2023-06-22,68,
847,OFF001,user007,ME001,2023-06-22,14,
848,OFF001,user008,ME001,2023-06-22,102,
849,OFF001,user009,ME001,2023-06-22,88,
850,OFF001,user010,ME001,2023-06-22,52,
851,OFF001,user001,ME001,2023-06-22,155,
852,OFF001,user002,ME001,2023-06-22,123,
853,OFF001,user003,ME001,2023-06-22,131,
854,OFF001,user004,ME001,2023-06-22,139,
855,OFF001,user005,ME001,2023-06-22,141,
856,OFF001,user006,ME001,2023-06-22,177,
857,OFF001,user007,ME001,2023-06-22,67,
858,OFF001,user008,ME001,2023-06-22,186,
859,OFF001,user009,ME001,2023-06-22,148,
860,OFF001,user010,ME001,2023-06-22,150,
861,OFF001,user001,ME001,2023-06-22,243,
862,OFF001,user002,ME001,2023-06-22,215,
863,OFF001,user003,ME001,2023-06-22,190,
864,OFF001,user004,ME001,2023-06-22,182,
865,OFF001,user005,ME001,2023-06-22,194,
866,OFF001,user006,ME001,2023-06-22,189,
867,OFF001,user007,ME001,2023-06-22,46,
868,OFF001,user008,ME001,2023-06-22,93,
869,OFF001,user009,ME001,2023-06-22,200,
870,OFF001,user010,ME001,2023-06-22,217,
871,OFF001,user001,ME001,2023-06-22,158,
872,OFF001,user002,ME001,2023-06-22,400,
873,OFF001,user003,ME001,2023-06-22,85,
874,OFF001,user004,ME001,2023-06-22,97,
875,OFF001,user005,ME001,2023-06-22,100,
876,OFF001,user006,ME001,2023-06-22,227,
877,OFF001,user007,ME001,2023-06-22,251,
878,OFF001,user008,ME001,2023-06-22,113,
879,OFF001,user009,ME001,2023-06-22,97,
880,OFF001,user010,ME001,2023-06-22,222,
881,OFF001,user001,ME001,2023-06-23,53,
882,OFF001,user002,ME001,2023-06-23,79,
883,OFF001,user003,ME001,2023-06-23,37,
884,OFF001,user004,ME001,2023-06-23,54,
885,OFF001,user005,ME001,2023-06-23,45,
886,OFF001,user006,ME001,2023-06-23,51,
887,OFF001,user007,ME001,2023-06-23,79,
888,OFF001,user008,ME001,2023-06-23,64,
889,OFF001,user009,ME001,2023-06-23,57,
890,OFF001,user010,ME001,2023-06-23,99,
891,OFF001,user001,ME001,2023-06-23,165,
892,OFF001,user002,ME001,2023-06-23,178,
893,OFF001,user003,ME001,2023-06-23,136,
894,OFF001,user004,ME001,2023-06-23,134,
895,OFF001,user005,ME001,2023-06-23,149,
896,OFF001,user006,ME001,2023-06-23,142,
897,OFF001,user007,ME001,2023-06-23,145,
898,OFF001,user008,ME001,2023-06-23,158,
899,OFF001,user009,ME001,2023-06-23,128,
900,OFF001,user010,ME001,2023-06-23,133,
901,OFF001,user001,ME001,2023-06-23,229,
902,OFF001,user002,ME001,2023-06-23,177,
903,OFF001,user003,ME001,2023-06-23,208,
904,OFF001,user004,ME001,2023-06-23,214,
905,OFF001,user005,ME001,2023-06-23,213,
906,OFF001,user006,ME001,2023-06-23,256,
907,OFF001,user007,ME001,2023-06-23,290,
908,OFF001,user008,ME001,2023-06-23,133,
909,OFF001,user009,ME001,2023-06-23,198,
910,OFF001,user010,ME001,2023-06-23,193,
911,OFF001,user001,ME001,2023-06-23,163,
912,OFF001,user002,ME001,2023-06-23,254,
913,OFF001,user003,ME001,2023-06-23,91,
914,OFF001,user004,ME001,2023-06-23,254,
915,OFF001,user005,ME001,2023-06-23,257,
916,OFF001,user006,ME001,2023-06-23,188,
917,OFF001,user007,ME001,2023-06-23,301,
918,OFF001,user008,ME001,2023-06-23,144,
919,OFF001,user009,ME001,2023-06-23,103,
920,OFF001,user010,ME001,2023-06-23,76,
921,OFF001,user001,ME001,2023-06-24,55,
922,OFF001,user002,ME001,2023-06-24,39,
923,OFF001,user003,ME001,2023-06-24,47,
924,OFF001,user004,ME001,2023-06-24,46,
925,OFF001,user005,ME001,2023-06-24,58,
926,OFF001,user006,ME001,2023-06-24,85,
927,OFF001,user007,ME001,2023-06-24,284,
928,OFF001,user008,ME001,2023-06-24,273,
929,OFF001,user009,ME001,2023-06-24,56,
930,OFF001,user010,ME001,2023-06-24,65,
931,OFF001,user001,ME001,2023-06-24,117,
932,OFF001,user002,ME001,2023-06-24,153,
933,OFF001,user003,ME001,2023-06-24,140,
934,OFF001,user004,ME001,2023-06-24,157,
935,OFF001,user005,ME001,2023-06-24,156,
936,OFF001,user006,ME001,2023-06-24,155,
937,OFF001,user007,ME001,2023-06-24,173,
938,OFF001,user008,ME001,2023-06-24,166,
939,OFF001,user009,ME001,2023-06-24,138,
940,OFF001,user010,ME001,2023-06-24,133,
941,OFF001,user001,ME001,2023-06-24,227,
942,OFF001,user002,ME001,2023-06-24,212,
943,OFF001,user003,ME001,2023-06-24,198,
944,OFF001,user004,ME001,2023-06-24,202,
945,OFF001,user005,ME001,2023-06-24,204,
946,OFF001,user006,ME001,2023-06-24,171,
947,OFF001,user007,ME001,2023-06-24,129,
948,OFF001,user008,ME001,2023-06-24,141,
949,OFF001,user009,ME001,2023-06-24,203,
950,OFF001,user010,ME001,2023-06-24,195,
951,OFF001,user001,ME001,2023-06-24,340,
952,OFF001,user002,ME001,2023-06-24,220,
953,OFF001,user003,ME001,2023-06-24,232,
954,OFF001,user004,ME001,2023-06-24,159,
955,OFF001,user005,ME001,2023-06-24,153,
956,OFF001,user006,ME001,2023-06-24,151,
957,OFF001,user007,ME001,2023-06-24,139,
958,OFF001,user008,ME001,2023-06-24,138,
959,OFF001,user009,ME001,2023-06-24,243,
960,OFF001,user010,ME001,2023-06-24,91,
961,OFF001,user001,ME001,2023-06-25,33,
962,OFF001,user002,ME001,2023-06-25,88,
963,OFF001,user003,ME001,2023-06-25,60,
964,OFF001,user004,ME001,2023-06-25,29,
965,OFF001,user005,ME001,2023-06-25,46,
966,OFF001,user006,ME001,2023-06-25,111,
967,OFF001,user007,ME001,2023-06-25,10,
968,OFF001,user008,ME001,2023-06-25,10,
969,OFF001,user009,ME001,2023-06-25,143,
970,OFF001,user010,ME001,2023-06-25,47,
971,OFF001,user001,ME001,2023-06-25,180,
972,OFF001,user002,ME001,2023-06-25,139,
973,OFF001,user003,ME001,2023-06-25,171,
974,OFF001,user004,ME001,2023-06-25,113,
975,OFF001,user005,ME001,2023-06-25,127,
976,OFF001,user006,ME001,2023-06-25,218,
977,OFF001,user007,ME001,2023-06-25,184,
978,OFF001,user008,ME001,2023-06-25,192,
979,OFF001,user009,ME001,2023-06-25,170,
980,OFF001,user010,ME001,2023-06-25,155,
981,OFF001,user001,ME001,2023-06-25,192,
982,OFF001,user002,ME001,2023-06-25,180,
983,OFF001,user003,ME001,2023-06-25,200,
984,OFF001,user004,ME001,2023-06-25,154,
985,OFF001,user005,ME001,2023-06-25,154,
986,OFF001,user006,ME001,2023-06-25,278,
987,OFF001,user007,ME001,2023-06-25,182,
988,OFF001,user008,ME001,2023-06-25,181,
989,OFF001,user009,ME001,2023-06-25,212,
990,OFF001,user010,ME001,2023-06-25,210,
991,OFF001,user001,ME001,2023-06-25,228,
992,OFF001,user002,ME001,2023-06-25,78,
993,OFF001,user003,ME001,2023-06-25,146,
994,OFF001,user004,ME001,2023-06-25,106,
995,OFF001,user005,ME001,2023-06-25,107,
996,OFF001,user006,ME001,2023-06-25,113,
997,OFF001,user007,ME001,2023-06-25,257,
998,OFF001,user008,ME001,2023-06-25,264,
999,OFF001,user009,ME001,2023-06-25,139,
1000,OFF001,user010,ME001,2023-06-25,242,
1001,OFF001,user001,ME001,2023-06-26,106,
1002,OFF001,user002,ME001,2023-06-26,48,
1003,OFF001,user003,ME001,2023-06-26,69,
1004,OFF001,user004,ME001,2023-06-26,62,
1005,OFF001,user005,ME001,2023-06-26,53,
1006,OFF001,user006,ME001,2023-06-26,41,
1007,OFF001,user007,ME001,2023-06-26,12,
1008,OFF001,user008,ME001,2023-06-26,25,
1009,OFF001,user009,ME001,2023-06-26,83,
1010,OFF001,user010,ME001,2023-06-26,145,
1011,OFF001,user001,ME001,2023-06-26,142,
1012,OFF001,user002,ME001,2023-06-26,140,
1013,OFF001,user003,ME001,2023-06-26,168,
1014,OFF001,user004,ME001,2023-06-26,119,
1015,OFF001,user005,ME001,2023-06-26,121,
1016,OFF001,user006,ME001,2023-06-26,117,
1017,OFF001,user007,ME001,2023-06-26,127,
1018,OFF001,user008,ME001,2023-06-26,147,
1019,OFF001,user009,ME001,2023-06-26,164,
1020,OFF001,user010,ME001,2023-06-26,152,
1021,OFF001,user001,ME001,2023-06-26,241,
1022,OFF001,user002,ME001,2023-06-26,186,
1023,OFF001,user003,ME001,2023-06-26,240,
1024,OFF001,user004,ME001,2023-06-26,213,
1025,OFF001,user005,ME001,2023-06-26,225,
1026,OFF001,user006,ME001,2023-06-26,208,
1027,OFF001,user007,ME001,2023-06-26,198,
1028,OFF001,user008,ME001,2023-06-26,207,
1029,OFF001,user009,ME001,2023-06-26,256,
1030,OFF001,user010,ME001,2023-06-26,209,
1031,OFF001,user001,ME001,2023-06-26,196,
1032,OFF001,user002,ME001,2023-06-26,107,
1033,OFF001,user003,ME001,2023-06-26,170,
1034,OFF001,user004,ME001,2023-06-26,355,
1035,OFF001,user005,ME001,2023-06-26,332,
1036,OFF001,user006,ME001,2023-06-26,400,
1037,OFF001,user007,ME001,2023-06-26,211,
1038,OFF001,user008,ME001,2023-06-26,223,
1039,OFF001,user009,ME001,2023-06-26,175,
1040,OFF001,user010,ME001,2023-06-26,147,
1041,OFF001,user001,ME001,2023-06-27,78,
1042,OFF001,user002,ME001,2023-06-27,37,
1043,OFF001,user003,ME001,2023-06-27,37,
1044,OFF001,user004,ME001,2023-06-27,57,
1045,OFF001,user005,ME001,2023-06-27,57,
1046,OFF001,user006,ME001,2023-06-27,82,
1047,OFF001,user007,ME001,2023-06-27,61,
1048,OFF001,user008,ME001,2023-06-27,59,
1049,OFF001,user009,ME001,2023-06-27,42,
1050,OFF001,user010,ME001,2023-06-27,78,
1051,OFF001,user001,ME001,2023-06-27,139,
1052,OFF001,user002,ME001,2023-06-27,138,
1053,OFF001,user003,ME001,2023-06-27,154,
1054,OFF001,user004,ME001,2023-06-27,182,
1055,OFF001,user005,ME001,2023-06-27,163,
1056,OFF001,user006,ME001,2023-06-27,192,
1057,OFF001,user007,ME001,2023-06-27,157,
1058,OFF001,user008,ME001,2023-06-27,128,
1059,OFF001,user009,ME001,2023-06-27,158,
1060,OFF001,user010,ME001,2023-06-27,163,
1061,OFF001,user001,ME001,2023-06-27,174,
1062,OFF001,user002,ME001,2023-06-27,216,
1063,OFF001,user003,ME001,2023-06-27,238,
1064,OFF001,user004,ME001,2023-06-27,191,
1065,OFF001,user005,ME001,2023-06-27,186,
1066,OFF001,user006,ME001,2023-06-27,179,
1067,OFF001,user007,ME001,2023-06-27,192,
1068,OFF001,user008,ME001,2023-06-27,183,
1069,OFF001,user009,ME001,2023-06-27,229,
1070,OFF001,user010,ME001,2023-06-27,255,
1071,OFF001,user001,ME001,2023-06-27,145,
1072,OFF001,user002,ME001,2023-06-27,250,
1073,OFF001,user003,ME001,2023-06-27,178,
1074,OFF001,user004,ME001,2023-06-27,236,
1075,OFF001,user005,ME001,2023-06-27,225,
1076,OFF001,user006,ME001,2023-06-27,252,
1077,OFF001,user007,ME001,2023-06-27,90,
1078,OFF001,user008,ME001,2023-06-27,81,
1079,OFF001,user009,ME001,2023-06-27,174,
1080,OFF001,user010,ME001,2023-06-27,178,
1081,OFF001,user001,ME001,2023-06-28,61,
1082,OFF001,user002,ME001,2023-06-28,150,
1083,OFF001,user003,ME001,2023-06-28,55,
1084,OFF001,user004,ME001,2023-06-28,52,
1085,OFF001,user005,ME001,2023-06-28,54,
1086,OFF001,user006,ME001,2023-06-28,38,
1087,OFF001,user007,ME001,2023-06-28,97,
1088,OFF001,user008,ME001,2023-06-28,78,
1089,OFF001,user009,ME001,2023-06-28,52,
1090,OFF001,user010,ME001,2023-06-28,33,
1091,OFF001,user001,ME001,2023-06-28,225,
1092,OFF001,user002,ME001,2023-06-28,151,
1093,OFF001,user003,ME001,2023-06-28,143,
1094,OFF001,user004,ME001,2023-06-28,152,
1095,OFF001,user005,ME001,2023-06-28,136,
1096,OFF001,user006,ME001,2023-06-28,143,
1097,OFF001,user007,ME001,2023-06-28,138,
1098,OFF001,user008,ME001,2023-06-28,149,
1099,OFF001,user009,ME001,2023-06-28,117,
1100,OFF001,user010,ME001,2023-06-28,136,
1101,OFF001,user001,ME001,2023-06-28,299,
1102,OFF001,user002,ME001,2023-06-28,206,
1103,OFF001,user003,ME001,2023-06-28,213,
1104,OFF001,user004,ME001,2023-06-28,266,
1105,OFF001,user005,ME001,2023-06-28,241,
1106,OFF001,user006,ME001,2023-06-28,217,
1107,OFF001,user007,ME001,2023-06-28,257,
1108,OFF001,user008,ME001,2023-06-28,191,
1109,OFF001,user009,ME001,2023-06-28,218,
1110,OFF001,user010,ME001,2023-06-28,240,
1111,OFF001,user001,ME001,2023-06-28,104,
1112,OFF001,user002,ME001,2023-06-28,145,
1113,OFF001,user003,ME001,2023-06-28,356,
1114,OFF001,user004,ME001,2023-06-28,202,
1115,OFF001,user005,ME001,2023-06-28,198,
1116,OFF001,user006,ME001,2023-06-28,221,
1117,OFF001,user007,ME001,2023-06-28,216,
1118,OFF001,user008,ME001,2023-06-28,101,
1119,OFF001,user009,ME001,2023-06-28,352,
1120,OFF001,user010,ME001,2023-06-28,173,
1121,OFF001,user001,ME001,2023-06-29,10,
1122,OFF001,user002,ME001,2023-06-29,63,
1123,OFF001,user003,ME001,2023-06-29,34,
1124,OFF001,user004,ME001,2023-06-29,88,
1125,OFF001,user005,ME001,2023-06-29,87,
1126,OFF001,user006,ME001,2023-06-29,108,
1127,OFF001,user007,ME001,2023-06-29,83,
1128,OFF001,user008,ME001,2023-06-29,36,
1129,OFF001,user009,ME001,2023-06-29,119,
1130,OFF001,user010,ME001,2023-06-29,51,
1131,OFF001,user001,ME001,2023-06-29,76,
1132,OFF001,user002,ME001,2023-06-29,173,
1133,OFF001,user003,ME001,2023-06-29,178,
1134,OFF001,user004,ME001,2023-06-29,150,
1135,OFF001,user005,ME001,2023-06-29,152,
1136,OFF001,user006,ME001,2023-06-29,134,
1137,OFF001,user007,ME001,2023-06-29,161,
1138,OFF001,user008,ME001,2023-06-29,149,
1139,OFF001,user009,ME001,2023-06-29,184,
1140,OFF001,user010,ME001,2023-06-29,124,
1141,OFF001,user001,ME001,2023-06-29,33,
1142,OFF001,user002,ME001,2023-06-29,244,
1143,OFF001,user003,ME001,2023-06-29,187,
1144,OFF001,user004,ME001,2023-06-29,172,
1145,OFF001,user005,ME001,2023-06-29,174,
1146,OFF001,user006,ME001,2023-06-29,176,
1147,OFF001,user007,ME001,2023-06-29,168,
1148,OFF001,user008,ME001,2023-06-29,221,
1149,OFF001,user009,ME001,2023-06-29,191,
1150,OFF001,user010,ME001,2023-06-29,225,
1151,OFF001,user001,ME001,2023-06-29,262,
1152,OFF001,user002,ME001,2023-06-29,161,
1153,OFF001,user003,ME001,2023-06-29,242,
1154,OFF001,user004,ME001,2023-06-29,142,
1155,OFF001,user005,ME001,2023-06-29,150,
1156,OFF001,user006,ME001,2023-06-29,88,
1157,OFF001,user007,ME001,2023-06-29,144,
1158,OFF001,user008,ME001,2023-06-29,242,
1159,OFF001,user009,ME001,2023-06-29,228,
1160,OFF001,user010,ME001,2023-06-29,356,
1161,OFF001,user001,ME001,2023-06-30,89,
1162,OFF001,user002,ME001,2023-06-30,43,
1163,OFF001,user003,ME001,2023-06-30,85,
1164,OFF001,user004,ME001,2023-06-30,94,
1165,OFF001,user005,ME001,2023-06-30,98,
1166,OFF001,user006,ME001,2023-06-30,44,
1167,OFF001,user007,ME001,2023-06-30,58,
1168,OFF001,user008,ME001,2023-06-30,55,
1169,OFF001,user009,ME001,2023-06-30,104,
1170,OFF001,user010,ME001,2023-06-30,109,
1171,OFF001,user001,ME001,2023-06-30,162,
1172,OFF001,user002,ME001,2023-06-30,150,
1173,OFF001,user003,ME001,2023-06-30,142,
1174,OFF001,user004,ME001,2023-06-30,221,
1175,OFF001,user005,ME001,2023-06-30,221,
1176,OFF001,user006,ME001,2023-06-30,137,
1177,OFF001,user007,ME001,2023-06-30,220,
1178,OFF001,user008,ME001,2023-06-30,167,
1179,OFF001,user009,ME001,2023-06-30,134,
1180,OFF001,user010,ME001,2023-06-30,173,
1181,OFF001,user001,ME001,2023-06-30,282,
1182,OFF001,user002,ME001,2023-06-30,232,
1183,OFF001,user003,ME001,2023-06-30,242,
1184,OFF001,user004,ME001,2023-06-30,277,
1185,OFF001,user005,ME001,2023-06-30,275,
1186,OFF001,user006,ME001,2023-06-30,204,
1187,OFF001,user007,ME001,2023-06-30,282,
1188,OFF001,user008,ME001,2023-06-30,209,
1189,OFF001,user009,ME001,2023-06-30,242,
1190,OFF001,user010,ME001,2023-06-30,186,
1191,OFF001,user001,ME001,2023-06-30,281,
1192,OFF001,user002,ME001,2023-06-30,162,
1193,OFF001,user003,ME001,2023-06-30,179,
1194,OFF001,user004,ME001,2023-06-30,108,
1195,OFF001,user005,ME001,2023-06-30,116,
1196,OFF001,user006,ME001,2023-06-30,92,
1197,OFF001,user007,ME001,2023-06-30,102,
1198,OFF001,user008,ME001,2023-06-30,156,
1199,OFF001,user009,ME001,2023-06-30,186,
1200,OFF001,user010,ME001,2023-06-30,232,
